period,revenue,ebitda,net_profit,debt,cash,current_assets,current_liabilities,receivables,payables,equity,assets,company_id
2023-03-31,835661.7243007167,113315.27190064742,47300.63685200235,454014.66094080656,114166.11136767894,392947.3649485259,285474.17511836265,85286.33982978053,147904.59189145188,589976.426742049,1151029.1049492063,1
2023-06-30,828527.9244138389,124630.67033748832,69472.49188646558,447671.2168560892,77214.24719633686,338243.06855626573,267093.0266649542,94410.24832483484,90487.23388105659,456542.7648030275,969380.5669351462,1
2023-09-30,815951.7003441752,139873.25048121286,80808.1856062332,455698.6843189659,44587.71434126585,384728.5461093271,191018.22980330425,86903.06582506113,142700.61278291937,628581.2956601676,1342283.4818964438,1
2023-12-31,804507.5309343471,151587.96598642477,80651.7327695215,451710.95057882,50043.44444617326,361252.34649288486,166434.67102984703,153606.26424389757,85179.6468799743,540929.9029701691,1077813.7669145965,1
2024-03-31,901959.5568525725,124908.2711011115,86296.05030253032,467886.3546139462,115011.82362869605,485163.8546977397,341811.52746077126,144124.11567831817,155306.09219773125,399151.74420860084,995436.7082958991,1
2024-06-30,906806.7494797518,144062.3289035621,69352.28360034707,463659.88529924443,120490.8141585883,382083.62722693343,232312.0118052107,139892.72206038763,85323.64379561192,594095.8442896864,1112714.7314142664,1
2024-09-30,936989.7321454214,180745.99096893228,114119.60332258388,476008.2857677335,53787.39444678371,395122.1476452998,209111.5702387629,174570.87799703894,133361.57306192335,475312.74955860985,977581.4848083752,1
2024-12-31,904894.6490285948,174609.03055106307,103240.5998186015,458926.15783115407,125528.13878215993,402174.0789541055,202622.9684465548,155030.60404342218,141234.60387772656,521691.7989202071,1189087.1396659277,1
2025-03-31,1036006.5089127189,168614.3088541892,68731.53208796549,446254.41535497323,62977.94750773042,369114.4463077082,339066.36746436317,136168.13514234367,135568.77534190472,600006.8600145765,1148953.4973802604,1
2025-06-30,1107610.8879952685,158255.24048461864,66956.83843657943,439316.00415742525,87473.73080573721,423377.9014261736,427470.82605470845,200269.3819211686,158765.36076042638,581160.7538831041,1307595.874120094,1
2025-09-30,1179466.5743131472,247226.96249683542,122476.49495295386,441629.70530593256,71953.58535758016,466581.6820753724,336645.1869253243,214428.76480133214,195877.62118904345,355145.92465938895,965312.7208831185,1
2025-12-31,1124485.9408359083,148417.00493629478,74399.15174275199,436056.621207997,162253.1675945331,466257.5099114245,341571.7402447686,191502.0876254633,130848.51282159943,603096.503891461,1422152.75408493,1
2023-03-31,703776.3540879515,86779.19492062244,43695.17949645197,243102.04580804188,79832.96536286909,342134.6041113843,215487.11187881828,101891.55570731671,95213.41656974053,280933.1083177163,688340.0846064345,2
2023-06-30,673601.887994043,134931.8721813425,73010.31240070013,238228.48161813506,99923.66284008193,289490.4402796795,244710.38784262663,121136.86714544767,64040.51325641728,263223.23906038905,678619.9674654249,2
2023-09-30,669116.8751637698,95030.72517263786,58286.60680118529,244356.93254638853,87620.9248016694,280850.56548582594,146694.045698818,129843.68629178815,80131.56485336433,271395.22513909783,697465.0447703501,2
2023-12-31,707101.5066012685,99635.66659327285,56038.52557667508,250758.96421761057,84554.09503472006,279807.14025976864,166162.47982762405,140159.42219055846,93099.5222363038,239850.3236050129,663208.2374976359,2
2024-03-31,715949.4564321993,149106.2357852351,68083.71629130392,254532.35776849632,55763.25215189844,350866.4712866778,264423.2081999959,132903.43677320078,86236.69388812984,339205.6160511958,873369.0940199818,2
2024-06-30,747565.7210379344,117538.47000602479,80165.94193080523,268190.0081163553,110166.05686915177,304097.9200027584,195169.05509504362,111059.39168835599,93327.90946126792,374574.1394744638,779945.7074254926,2
2024-09-30,754896.1428351102,104086.79448446378,53078.08611353973,265105.90369779605,93921.95288845403,373060.6035990424,197490.0092726417,116445.76702138751,98801.86982938753,313302.04323617066,780411.1352911578,2
2024-12-31,771983.6973581,130213.74437314019,87481.45252549488,265577.37824923475,72133.72170773166,324245.2587828094,253998.5951913193,128838.216618861,128471.0229907634,249141.10263010126,672962.4175749846,2
2025-03-31,825400.2994920263,102647.09256555232,71685.15252910054,268738.6064505361,80059.24923387723,335039.9427912368,310927.3060140023,144256.75994027624,144698.60275646107,268322.1107365753,716354.1007321399,2
2025-06-30,844760.8481020633,107736.2584847528,52974.89932028381,269146.79199544195,58365.45886376374,341025.70639584394,250941.25725251727,115959.21220249335,100922.85767222676,351647.7887484835,893818.3982780613,2
2025-09-30,814426.500677991,118430.94121250055,57863.83918029463,280367.0062957454,66990.71405488506,423285.109499619,185138.9067124581,139178.2403183645,110177.24398403878,274172.60182310914,798329.1955303135,2
2025-12-31,843967.2917677518,108162.35695777024,43433.1848765492,268289.62987378024,95190.59947841732,328180.7246000276,180767.82107274033,117883.98638387008,71802.08130625484,357353.81593805546,760952.8872508778,2
2023-03-31,268023.84004871006,46707.03068346063,22697.859589954154,123827.51641812795,29236.931935056138,95443.3028392704,55606.80900322771,48850.040114293355,31095.875089962265,108502.16576440058,248311.711665274,3
2023-06-30,263035.34057091945,47948.461713053606,20407.068582489403,126352.1034605459,14511.178941433576,120015.37849551447,81048.29678164686,43070.193180158785,40141.5953708069,175062.26051230013,366243.9735410327,3
2023-09-30,276692.3431880991,40696.802203833024,21638.140806011063,123969.4701675893,16005.445158570019,98245.19143527132,108609.95774232862,50800.16415912908,41392.460843302164,129594.184039579,262741.38668607606,3
2023-12-31,274202.71737872704,47964.27047737457,29468.22982647428,121539.68380337449,31812.927339167258,111322.67812835329,107205.87441343514,47653.6057082091,37136.756149151726,141840.75468667207,305338.1395608927,3
2024-03-31,268929.8934138457,52652.33458078951,21288.289066051413,116872.85261313948,16568.034954671144,96599.75981797904,55976.61717607199,49898.8817091672,40437.85478539611,126749.11091447015,253658.85006717435,3
2024-06-30,236752.24513636195,32510.86257266465,17235.812432655755,113281.15943840795,21272.301313422875,112024.06447398887,77422.41857022508,24747.80711635732,27809.217367830937,133163.80968960616,298620.452495716,3
2024-09-30,242954.9220247921,33113.16274564734,13946.291423487011,116372.84529575282,27755.638665623464,86322.43338576017,77054.39653942273,47138.848701554416,33417.82216329491,120201.73949913948,261494.26592715687,3
2024-12-31,266113.70953367575,56987.31440993447,29395.811488431118,109557.74495082606,38884.2841274785,141325.0418887111,63643.28294125267,28457.170260764746,23970.93754128775,88844.00123702339,251294.11958203028,3
2025-03-31,263596.98951649567,40039.7403294357,26164.47255036474,110240.06487169134,13793.29069584329,135197.23434407584,67578.61192552277,29474.48823442999,39453.54108874434,129792.87203511344,336504.525892656,3
2025-06-30,274803.6797083786,40726.855399762906,18458.708552420165,112322.37460305376,34367.35356484879,140525.5189513714,109399.62750004674,38819.25356363615,32207.488266062697,142183.02813632018,330527.74445605656,3
2025-09-30,294620.9797243334,57584.93364760435,24815.48780236217,110841.34385944095,41322.15114811455,132888.93269924299,107622.53761789727,38891.43067403542,49953.67147249154,114556.85734949978,270853.7724364956,3
2025-12-31,301387.4378561291,64816.59778505897,37077.12699878379,110408.58692823835,34112.151744607974,132516.77262706522,77951.49621800543,40044.28030993176,44379.85646729215,138168.03472419817,342066.7826162873,3
2023-03-31,302490.8410076516,65599.73503856146,39780.26992524297,163829.7232424109,40441.93267149113,158315.76309521616,111224.7184814715,43137.96096407916,30932.000054565255,170053.7718970231,423048.46276395826,4
2023-06-30,306052.3749152102,43864.28553606756,25195.278255896563,158049.18406590857,41719.17819931441,161005.58305673706,75698.08810977539,58385.418943877215,42599.08541339907,159650.37213431342,397810.58618326555,4
2023-09-30,280471.3352785012,53432.15554724788,25359.82253126221,156382.38094017544,23286.20354323391,122535.22513504207,70324.38266421067,39411.89056157204,38465.88706776949,194631.05870232717,415820.47417443374,4
2023-12-31,289499.0657778968,54455.91568359453,25662.455985941055,159822.0428327947,26061.368647832685,128984.27594586705,62699.20519384359,44246.172227839284,35791.80682378371,204774.4775189546,454813.28837244946,4
2024-03-31,270429.7945052846,33625.26183150347,22777.516956457912,162694.49240823986,38377.11712620278,108333.64390508718,91697.93632474089,29082.95435733701,26129.344069905404,151319.7824539358,307742.4868377075,4
2024-06-30,288675.7432844207,61062.26193169272,41987.06602738177,159269.610760775,16104.177533675027,123814.28484056893,63898.72599371655,38557.26619805809,27992.306700501802,189229.66067915357,380278.6354774919,4
2024-09-30,282822.4835862673,44130.06750776047,21093.508502021694,155088.4068556789,26959.794375600657,100815.80476565029,72389.1787001186,39912.09896507039,39673.82558036475,149284.15894636838,287909.76726257004,4
2024-12-31,304709.3798521381,64573.297290700575,27432.320414462905,147037.85151012865,41948.16676427712,140263.0826636211,70987.18506831581,43002.26713878848,48071.02135302774,160009.83206852694,395337.06334843324,4
2025-03-31,324483.5291430097,51689.88382922385,33533.774204790134,144048.0451832129,34689.93280562955,117690.943721592,67286.32374063459,36791.633703470856,26402.31507117909,121751.6313449399,297479.8438475586,4
2025-06-30,348999.6873204352,73749.41867941697,42446.09882662766,145021.38655154684,42791.579119814305,174994.1111199516,96173.88217430787,43313.82184211763,35076.05053916413,137895.82797078014,355622.85213320295,4
2025-09-30,357140.7792225442,69892.41950018326,28940.280080055538,143899.34666664433,27452.42891974454,126583.88793900108,107011.17643256053,52721.50385478835,58262.928516236476,141692.84356646574,342885.70672653546,4
2025-12-31,366622.3354847387,61594.23761500296,32408.469249013262,149693.11643479735,47098.80792503875,175198.64820217623,132353.93833204443,69773.76859122778,51960.05321268795,207815.6056681771,475125.4329047913,4
2023-03-31,474202.43486739293,81277.79890967012,51619.19715922759,209060.5612108402,42514.27703395334,224969.85779292346,176627.481059275,92446.74265626524,44910.45506548872,283476.2063250412,620942.6093161447,5
2023-06-30,473607.119109589,103247.89475460131,56557.69223867696,198619.91039562834,39250.26626056996,225759.12245925557,117468.35875718374,50953.65313811989,43992.40490934188,174155.40015269816,445327.47239165584,5
2023-09-30,485288.1318688672,67061.00046248535,33778.63833904843,193019.5452273383,67784.4838059374,215852.4379502382,161849.19594206844,56891.292024819,48154.60842116511,159148.70121736644,417585.1977622815,5
2023-12-31,474310.93231487734,61124.57002628538,26661.972735745334,189782.45983310367,45570.787321394135,185582.0939792164,129417.62194456017,71308.72473974558,70691.0560684466,156302.42062669096,423124.9109006984,5
2024-03-31,465778.54331560753,96582.84309868363,65315.279611815124,191000.7488475239,26133.807482769134,188815.22368659382,168257.96020735966,81430.18519242955,45856.87662594105,176792.12559483957,427164.3946108326,5
2024-06-30,514669.3000633999,80747.16847372959,43503.37798405743,189220.2918307145,64203.499457873324,183910.19869334748,128918.16910381611,88180.84321311188,87247.09166151604,209468.08641676352,479856.2197994959,5
2024-09-30,517182.58277310577,89607.94728224873,42361.36414505984,183796.06259992064,39783.920096312955,220038.86355335472,105512.61133582803,68375.63174868208,52310.32925991833,183152.48438525666,448595.73760685086,5
2024-12-31,526868.8484580463,99004.04750225013,63040.9630392472,188816.80561301735,52604.809160167206,193563.2153787687,161970.71072905362,83605.71525375394,81424.39161251065,199956.19046928547,443714.8324722788,5
2025-03-31,513684.09770863986,94821.83325582452,54165.40687173714,180983.93077292058,43976.32741941559,281140.8732884312,164972.19784091934,63554.37281738596,46323.13157774784,161386.1733368237,490681.9519272571,5
2025-06-30,510973.69036639814,75884.45588928036,34300.690639065375,178739.08986139574,71371.03835975534,187040.258250769,155797.04214686374,72067.56715679658,91074.85795119472,155006.71073066918,397716.42622911616,5
2025-09-30,504294.8282589406,69133.15204451866,41520.88483377913,182789.6280671971,72082.69189545493,232657.71939331136,158511.230265159,64548.68372124475,79148.71691976488,166745.4967924321,454341.13757447817,5
2025-12-31,514980.9839281246,74281.3583226621,32271.613927191698,167759.08457016398,57194.820222688744,209971.19363472078,162861.52301859492,59447.484692185026,65976.27902029717,187815.29705008946,439242.8512798243,5
2023-03-31,494155.68573799526,93127.17455648741,39705.742502688096,242305.18324615687,31567.889398666102,173222.41128010929,110364.34186737057,72797.34542868352,69483.32392506329,309320.41703169316,557608.6143349638,6
2023-06-30,508022.00939337607,81716.26953233076,55557.373377365766,246985.0844675664,75742.49884936977,198636.78958218658,140135.69542921853,97867.87071667562,77300.45371986939,204715.26339519775,508290.2828479848,6
2023-09-30,523911.2490239218,104757.99957297524,67834.97440697969,252144.7347226269,35961.529396442515,208065.24857148124,171188.89794443332,99955.25273810534,58478.794558718924,290718.8462004385,636350.1669928969,6
2023-12-31,566293.1121101585,118902.72119908908,69823.30005196783,249131.30213902527,58882.0853464843,247894.20676804025,178663.92193249572,76753.24208774943,67472.81122095874,278806.4495914772,589891.4815580606,6
2024-03-31,577438.1035957378,94210.65169357829,47090.698302848985,237692.5972734351,71056.59599405352,282219.1321884995,134742.95949147863,108479.20337409768,74802.69621838196,295897.93966596853,705134.3219528863,6
2024-06-30,605618.87952845,81342.36656711683,37528.38900992041,242832.2698162826,73526.01291520012,271799.51078375557,212528.05188747973,66794.67707532346,80939.83385967687,249459.87622475222,616752.6495081352,6
2024-09-30,613011.2059267764,106655.40673010694,58223.95920958444,261086.13576322843,55719.97092385648,309188.3828263075,124098.36520089452,97986.32878706702,83707.19186955356,321059.56489248923,771389.5035825877,6
2024-12-31,590261.4885815101,95834.67008685834,46611.9599756994,255757.9296899699,65811.22020228324,314237.79304558545,134475.28408443765,64975.666099864975,62332.52997971378,316029.16606098285,768430.2213003822,6
2025-03-31,624614.0141862358,98341.43963578632,41369.928875300575,260917.27061110034,36060.28281892261,231637.72815165392,229912.87727974614,119344.13761427392,57640.05467830025,245664.9916892221,542700.7561002309,6
2025-06-30,641324.6730319305,98260.32971329738,48484.916707050936,257870.1102371003,46649.67587238723,302435.17022878496,176916.55520563814,111863.03376544557,64490.3141814017,328184.5674575677,775509.4870801365,6
2025-09-30,642350.3641455837,132550.1629043751,89721.62388549472,250539.8445550566,62031.78252269244,286595.78904499,246464.01823231517,101945.3851698009,53497.93619083095,337639.94077251427,725288.1825442857,6
2025-12-31,618088.2660441326,76264.62306648084,37632.1644241207,252623.19544923858,79145.93715541161,250645.5679567685,150825.55429133246,74954.37632585072,81289.34209057035,349965.1750357102,734855.8426119557,6
2023-03-31,506472.10885644815,69281.55933444455,34640.779667222276,163240.48552888664,50647.21088564482,202588.84354257927,126618.02721411204,56484.33775900519,50647.21088564482,146916.436975998,393580.21161137667,7
2023-06-30,511170.26943266415,69138.34381585146,34569.17190792573,162865.5416588767,51117.02694326642,204468.10777306568,127792.56735816604,57311.895366960794,51117.02694326642,146578.98749298902,395020.7915139514,7
2023-09-30,515779.6971881574,93893.67560657937,46946.83780328969,161095.43826484567,51577.969718815744,206311.87887526298,128944.92429703935,56659.378033343215,51577.969718815744,144985.8944383611,394793.5416451324,7
2023-12-31,522584.33067835675,81136.97608913624,40568.48804456812,165569.32364880244,52258.43306783568,209033.7322713427,130646.08266958919,52705.655997800306,52258.43306783568,149012.3912839222,402749.8409404416,7
2024-03-31,547345.7118738279,103417.05856216114,51708.52928108057,158703.52728000542,54734.57118738279,218938.28474953116,136836.42796845696,52690.86532432893,54734.57118738279,142833.17455200487,404621.4116671375,7
2024-06-30,546719.9720360412,77448.11825472102,38724.05912736051,158227.80404027025,54671.99720360412,218687.9888144165,136679.9930090103,54052.02543580752,54671.99720360412,142405.02363624322,403814.5195415327,7
2024-09-30,533971.9519010922,65234.11422859366,32617.05711429683,163772.96212722204,53397.195190109225,213588.7807604369,133492.98797527305,56109.805059349856,53397.195190109225,147395.66591449984,405203.1464492867,7
2024-12-31,559680.9141008174,97245.35328530149,48622.676642650746,161465.4990157493,55968.091410081746,223872.36564032699,139920.22852520435,55444.93447738294,55968.091410081746,145318.94911417435,412786.9994887536,7
2025-03-31,531365.9200421431,16319.671318109731,1631.9671318109731,171825.8267223727,15940.977601264292,212546.36801685725,239114.6640189644,62098.09398261964,106273.18400842862,154643.24405013543,413582.5852820333,7
2025-06-30,494392.21295545675,17101.19051735596,1710.1190517355963,183772.41445629057,14831.766388663702,197756.8851821827,222476.49582995553,67374.69754889583,98878.44259109136,165395.17301066153,412770.61009604274,7
2025-09-30,458960.1079041439,20116.68589476896,2011.6685894768962,201088.8955630925,13768.803237124317,183584.04316165758,206532.04855686476,75561.46396652181,91792.02158082879,180980.00600678325,418858.05097047583,7
2025-12-31,426813.3697178482,31490.354060465248,3149.035406046525,214803.0319197959,12804.401091535445,170725.3478871393,192066.01637303169,82713.91466669281,85362.67394356965,193322.7287278163,422044.8952333005,7
2023-03-31,340815.28953252477,63185.61587753377,31592.807938766884,114044.3093344398,34081.52895325248,136326.1158130099,85203.82238313119,41617.18031431845,34081.52895325248,102639.87840099582,269757.9577343045,8
2023-06-30,342332.91817283997,51478.44698841868,25739.22349420934,111212.5863260108,34233.291817284,136933.167269136,85583.22954320999,41014.18223545597,34233.291817284,100091.32769340972,267051.89327056863,8
2023-09-30,329769.68513000594,54136.236216117904,27068.118108058952,112560.50500657978,32976.9685130006,131907.8740520024,82442.42128250148,39848.85117372325,32976.9685130006,101304.4545059218,263603.66490970075,8
2023-12-31,350427.7197271345,68640.47273736882,34320.23636868441,108613.07694644443,35042.77197271345,140171.0878908538,87606.92993178363,39595.903934196576,35042.77197271345,97751.7692518,267248.3879181938,8
2024-03-31,348203.3543336183,66703.28940252465,33351.644701262325,109480.10497644896,34820.33543336183,139281.34173344733,87050.83858340458,39947.15757168436,34820.33543336183,98532.09447880407,267373.0645558926,8
2024-06-30,363210.5903617769,44238.15810261087,22119.079051305434,108745.02254801299,36321.05903617769,145284.23614471077,90802.64759044422,41959.74834902258,36321.05903617769,97870.5202932117,272515.912525886,8
2024-09-30,370196.6021312052,48550.723864392945,24275.361932196472,105025.57653960612,37019.66021312052,148078.6408524821,92549.1505328013,40682.260201331505,37019.66021312052,94523.0188856455,270958.56540382124,8
2024-12-31,382153.1834153174,54183.430945573375,27091.715472786687,102319.17796160697,38215.31834153174,152861.27336612696,95538.29585382935,41212.12722149382,38215.31834153174,92087.26016544628,272574.7115812071,8
2025-03-31,362834.6825769183,19807.503995153038,1980.7503995153038,112200.34073124533,10885.040477307548,145133.8730307673,163275.60715961322,44751.73602964018,72566.93651538366,100980.3066581208,276408.2716863244,8
2025-06-30,341709.84627787466,23846.053577264352,2384.605357726435,121419.51960344138,10251.295388336239,136683.93851114987,153769.43082504362,49789.484575203816,68341.96925557494,109277.56764309725,278744.7764471763,8
2025-09-30,322508.268532727,23865.972600431076,2386.597260043108,128758.09510898203,9675.248055981809,129003.30741309079,145128.72083972715,54113.41658956401,64501.653706545396,115882.28559808384,279650.2786905998,8
2025-12-31,297927.7518320121,17846.52791664444,1784.6527916644443,139560.4517366648,8937.832554960361,119171.10073280484,134067.48832440545,60067.290868614306,59585.55036640242,125604.40656299832,282456.8292647027,8
2023-03-31,635654.7494147979,84734.47497765528,42367.23748882764,227054.39149983143,63565.47494147979,254261.89976591917,158913.68735369947,79193.1552115984,63565.47494147979,204348.9523498483,519915.537820722,9
2023-06-30,642508.8439084579,108103.50643335069,54051.753216675344,225474.0335089693,64250.88439084579,257003.53756338317,160627.21097711448,80456.82066125658,64250.88439084579,202926.63015807237,520808.15676887723,9
2023-09-30,637146.7644486486,113108.63349209317,56554.316746046585,219130.7224832389,63714.67644486486,254858.70577945944,159286.69111216214,79032.97651654351,63714.67644486486,197217.65023491503,511241.651084849,9
2023-12-31,617681.5879024302,97645.59601644607,48822.798008223035,221646.19837226634,61768.158790243026,247072.6351609721,154420.39697560755,75665.60176768378,61768.158790243026,199481.5785350397,506398.68725652376,9
2024-03-31,632999.8053121585,77539.0901112843,38769.54505564215,222465.56285504304,63299.98053121586,253199.92212486343,158249.95132803963,74473.81304627907,63299.98053121586,200219.00656953873,513484.6306652638,9
2024-06-30,652628.6838850023,81000.39894395562,40500.19947197781,225168.816943954,65262.86838850023,261051.47355400093,163157.17097125057,71824.377395645,65262.86838850023,202651.93524955862,524498.9893784272,9
2024-09-30,709278.5088091935,91162.04905905414,45581.02452952707,224736.22306441894,70927.85088091936,283711.40352367744,177319.62720229838,75018.99640313818,70927.85088091936,202262.60075797705,546652.7845090476,9
2024-12-31,701408.8561099934,111972.42251820919,55986.211259104595,225544.57866722663,70140.88561099935,280563.5424439974,175352.21402749835,75015.57792466057,70140.88561099935,202990.12080050397,544450.6994846526,9
2025-03-31,651852.867181841,45073.10900110992,4507.310900110992,243000.17134239516,19555.586015455232,260741.14687273643,293333.79023182846,81941.02370489556,130370.57343636821,218700.15420815564,545051.3473433388,9
2025-06-30,603627.1778394503,33449.29985977803,3344.9299859778034,264332.6360808822,18108.81533518351,241450.87113578012,271632.23002775264,89611.29815833383,120725.43556789006,237899.372472794,550720.0553504124,9
2025-09-30,566909.0093069694,15992.003056679645,1599.2003056679646,281160.9194801425,17007.27027920908,226763.60372278775,255109.05418813622,100890.28502677224,113381.80186139388,253044.82753212823,555721.8795145545,9
2025-12-31,522402.6153357901,27433.4806365196,2743.34806365196,303046.5503776834,15672.078460073702,208961.04613431604,235081.17690110556,109895.41352683248,104480.52306715802,272741.89533991506,563525.5100762056,9
