counterparty_id,name,industry,country,first_seen_date
1,Counterparty-1,Manufacturing,KZ,2022-01-01
2,Counterparty-2,Agriculture,KZ,2022-01-01
3,Counterparty-3,Agriculture,KZ,2022-01-01
4,Counterparty-4,Trade,KZ,2022-01-01
5,Counterparty-5,Logistics,KZ,2022-01-01
6,Counterparty-6,Construction,Other,2022-01-01
7,Counterparty-7,Construction,Other,2022-01-01
8,Counterparty-8,Construction,KZ,2022-01-01
9,Counterparty-9,Trade,KZ,2022-01-01
10,Counterparty-10,Agriculture,KZ,2022-01-01
11,Counterparty-11,Agriculture,KZ,2022-01-01
12,Counterparty-12,Manufacturing,KZ,2022-01-01
13,Counterparty-13,Construction,KZ,2022-01-01
14,Counterparty-14,Agriculture,KZ,2022-01-01
15,Counterparty-15,Logistics,KZ,2022-01-01
16,Counterparty-16,Construction,KZ,2022-01-01
17,Counterparty-17,Trade,KZ,2022-01-01
18,Counterparty-18,Manufacturing,KZ,2022-01-01
19,Counterparty-19,Agriculture,Other,2022-01-01
20,Counterparty-20,Agriculture,KZ,2022-01-01
21,Counterparty-21,Construction,KZ,2022-01-01
22,Counterparty-22,Logistics,KZ,2022-01-01
23,Counterparty-23,Trade,KZ,2022-01-01
24,Counterparty-24,Trade,KZ,2022-01-01
25,Counterparty-25,Trade,KZ,2022-01-01
26,Counterparty-26,Construction,KZ,2022-01-01
27,Counterparty-27,Construction,Other,2022-01-01
28,Counterparty-28,Construction,KZ,2022-01-01
29,Counterparty-29,Manufacturing,KZ,2022-01-01
30,Counterparty-30,Agriculture,KZ,2022-01-01
31,Counterparty-31,Manufacturing,Other,2022-01-01
32,Counterparty-32,Logistics,Other,2022-01-01
33,Counterparty-33,Trade,KZ,2022-01-01
34,Counterparty-34,Agriculture,KZ,2022-01-01
35,Counterparty-35,Logistics,KZ,2022-01-01
36,Counterparty-36,Construction,Other,2022-01-01
37,Counterparty-37,Logistics,KZ,2022-01-01
38,Counterparty-38,Trade,Other,2022-01-01
39,Counterparty-39,Construction,KZ,2022-01-01
40,Counterparty-40,Agriculture,Other,2022-01-01
