company_id,period,financial_score,top_factors_financial
1,2023-03-31,51.1,['debt_to_ebitda=60']
1,2023-06-30,38.0,"['current_ratio=52', 'debt_to_ebitda=52']"
1,2023-09-30,23.3,[]
1,2023-12-31,30.7,['receivables_growth=100']
1,2024-03-31,28.4,['debt_to_ebitda=55']
1,2024-06-30,27.5,[]
1,2024-09-30,24.9,['receivables_growth=66']
1,2024-12-31,18.4,[]
1,2025-03-31,26.4,['current_ratio=65']
1,2025-06-30,41.0,"['receivables_growth=100', 'current_ratio=72']"
1,2025-09-30,22.1,[]
1,2025-12-31,32.9,[]
2,2023-03-31,41.8,[]
2,2023-06-30,32.3,"['current_ratio=58', 'receivables_growth=53']"
2,2023-09-30,24.3,[]
2,2023-12-31,24.2,[]
2,2024-03-31,23.7,[]
2,2024-06-30,22.5,[]
2,2024-09-30,22.3,[]
2,2024-12-31,27.5,['current_ratio=52']
2,2025-03-31,32.6,['current_ratio=66']
2,2025-06-30,27.6,[]
2,2025-09-30,28.0,['receivables_growth=56']
2,2025-12-31,18.9,[]
3,2023-03-31,38.1,[]
3,2023-06-30,29.0,[]
3,2023-09-30,38.7,"['current_ratio=78', 'receivables_growth=51']"
3,2023-12-31,31.1,['current_ratio=69']
3,2024-03-31,23.0,[]
3,2024-06-30,37.6,['revenue_growth=63']
3,2024-09-30,47.3,"['receivables_growth=100', 'current_ratio=63', 'debt_to_ebitda=50']"
3,2024-12-31,6.9,[]
3,2025-03-31,21.9,[]
3,2025-06-30,37.5,"['receivables_growth=82', 'current_ratio=51']"
3,2025-09-30,23.2,['current_ratio=55']
3,2025-12-31,17.3,[]
4,2023-03-31,39.1,[]
4,2023-06-30,31.0,"['receivables_growth=90', 'debt_to_ebitda=52']"
4,2023-09-30,28.5,['revenue_growth=52']
4,2023-12-31,23.5,[]
4,2024-03-31,46.6,"['debt_to_ebitda=77', 'current_ratio=58']"
4,2024-06-30,20.6,['receivables_growth=84']
4,2024-09-30,34.8,['debt_to_ebitda=50']
4,2024-12-31,13.9,[]
4,2025-03-31,18.1,[]
4,2025-06-30,17.7,['receivables_growth=51']
4,2025-09-30,32.5,"['receivables_growth=59', 'current_ratio=58']"
4,2025-12-31,36.3,['receivables_growth=83']
5,2023-03-31,42.8,['current_ratio=52']
5,2023-06-30,13.1,[]
5,2023-09-30,31.9,[]
5,2023-12-31,38.5,['receivables_growth=67']
5,2024-03-31,31.3,['current_ratio=63']
5,2024-06-30,22.9,[]
5,2024-09-30,15.0,[]
5,2024-12-31,31.6,"['receivables_growth=61', 'current_ratio=57']"
5,2025-03-31,18.5,[]
5,2025-06-30,34.1,['current_ratio=57']
5,2025-09-30,28.8,[]
5,2025-12-31,25.3,['current_ratio=51']
6,2023-03-31,40.1,[]
6,2023-06-30,36.3,['receivables_growth=88']
6,2023-09-30,27.8,['current_ratio=56']
6,2023-12-31,18.3,[]
6,2024-03-31,25.8,['receivables_growth=100']
6,2024-06-30,30.6,['current_ratio=52']
6,2024-09-30,30.4,['receivables_growth=100']
6,2024-12-31,21.0,[]
6,2025-03-31,42.0,"['receivables_growth=100', 'current_ratio=71']"
6,2025-06-30,21.8,[]
6,2025-09-30,23.5,['current_ratio=60']
6,2025-12-31,31.2,[]
7,2023-03-31,39.1,[]
7,2023-06-30,25.3,[]
7,2023-09-30,20.0,[]
7,2023-12-31,22.8,[]
7,2024-03-31,15.6,[]
7,2024-06-30,24.4,[]
7,2024-09-30,30.4,[]
7,2024-12-31,17.5,[]
7,2025-03-31,65.5,"['debt_to_ebitda=100', 'current_ratio=79', 'profit_margin=73']"
7,2025-06-30,66.0,"['debt_to_ebitda=100', 'current_ratio=79', 'profit_margin=73']"
7,2025-09-30,68.0,"['debt_to_ebitda=100', 'current_ratio=79', 'profit_margin=73']"
7,2025-12-31,66.0,"['debt_to_ebitda=100', 'current_ratio=79', 'profit_margin=71']"
8,2023-03-31,35.1,[]
8,2023-06-30,22.6,[]
8,2023-09-30,25.5,[]
8,2023-12-31,15.0,[]
8,2024-03-31,21.5,[]
8,2024-06-30,24.8,[]
8,2024-09-30,21.5,[]
8,2024-12-31,20.4,[]
8,2025-03-31,64.3,"['debt_to_ebitda=93', 'current_ratio=79', 'profit_margin=72']"
8,2025-06-30,61.8,"['debt_to_ebitda=82', 'current_ratio=79', 'profit_margin=72']"
8,2025-09-30,61.7,"['debt_to_ebitda=88', 'current_ratio=79', 'profit_margin=71']"
8,2025-12-31,67.4,"['debt_to_ebitda=100', 'current_ratio=79', 'profit_margin=72']"
9,2023-03-31,40.8,[]
9,2023-06-30,22.8,[]
9,2023-09-30,21.3,[]
9,2023-12-31,25.9,[]
9,2024-03-31,26.9,[]
9,2024-06-30,25.9,[]
9,2024-09-30,22.2,[]
9,2024-12-31,24.1,[]
9,2025-03-31,63.4,"['debt_to_ebitda=88', 'current_ratio=79', 'profit_margin=72']"
9,2025-06-30,67.1,"['debt_to_ebitda=100', 'current_ratio=79', 'profit_margin=72']"
9,2025-09-30,66.2,"['debt_to_ebitda=100', 'current_ratio=79', 'profit_margin=74']"
9,2025-12-31,66.9,"['debt_to_ebitda=100', 'current_ratio=79', 'profit_margin=72']"
