forecast_3m,forecast_6m,forecast_12m,company_id
24.17575757575758,23.219463869463876,21.306876456876466,1
22.271212121212123,21.521911421911426,20.023310023310028,2
20.8,19.492307692307694,16.876923076923077,3
23.918181818181818,23.205594405594404,21.780419580419583,4
24.57121212121213,24.07191142191143,23.073310023310032,5
25.630303030303033,25.101631701631703,24.044289044289048,6
66.27878787878787,70.57039627039626,79.15361305361304,7
64.1,68.30000000000001,76.69999999999999,8
66.13333333333333,70.23717948717947,78.44487179487179,9
