company_id,anomaly_score,top_factors_anomaly
1,74.2,"['сумма транзакции в 5.9x выше исторического среднего', 'сумма транзакции в 4.3x выше исторического среднего', 'сумма транзакции в 5.1x выше исторического среднего']"
2,75.6,"['нетипичное время транзакции', 'сумма транзакции в 5.7x выше исторического среднего', 'сумма транзакции в 5.5x выше исторического среднего']"
3,63.7,"['сумма транзакции в 4.3x выше исторического среднего', 'нетипичное время транзакции', 'сумма транзакции в 7.5x выше исторического среднего']"
4,73.7,"['сумма транзакции в 7.7x выше исторического среднего', 'сумма транзакции в 6.8x выше исторического среднего', 'сумма транзакции в 7.4x выше исторического среднего']"
5,81.4,"['сумма транзакции в 8.1x выше исторического среднего', 'нетипичное время транзакции', 'сумма транзакции в 7.4x выше исторического среднего']"
6,72.6,"['сумма транзакции в 7.5x выше исторического среднего', 'сумма транзакции в 7.2x выше исторического среднего', 'сумма транзакции в 4.3x выше исторического среднего']"
7,74.7,"['сумма транзакции в 8.1x выше исторического среднего', 'сумма транзакции в 4.8x выше исторического среднего', 'сумма транзакции в 5.1x выше исторического среднего']"
8,67.7,"['сумма транзакции в 7.8x выше исторического среднего', 'нетипичное время транзакции', 'сумма транзакции в 4.0x выше исторического среднего']"
9,74.6,"['сумма транзакции в 8.1x выше исторического среднего', 'нетипичное время транзакции', 'сумма транзакции в 7.5x выше исторического среднего']"
