txn_id,company_id,counterparty_id,txn_timestamp,amount,direction,channel
1,1,37,2025-01-01 00:00:00.000000,5763.470700835333,out,bank_transfer
2,1,34,2025-01-03 14:42:34.838709,11947.215010708787,out,card
3,1,29,2025-01-06 05:25:09.677419,4323.727125030591,out,bank_transfer
4,1,22,2025-01-08 20:07:44.516129,6534.692476511126,in,card
5,1,21,2025-01-11 10:50:19.354838,4244.984184981155,in,bank_transfer
6,1,29,2025-01-14 01:32:54.193548,7023.2975331118505,in,bank_transfer
7,1,37,2025-01-16 16:15:29.032258,5483.0153339640265,in,bank_transfer
8,1,17,2025-01-19 06:58:03.870967,4131.647131808273,in,bank_transfer
9,1,34,2025-01-21 21:40:38.709677,4074.624679166357,out,card
10,1,21,2025-01-24 12:23:13.548387,4663.717591042559,in,card
11,1,37,2025-01-27 03:05:48.387096,4555.202589253662,out,bank_transfer
12,1,21,2025-01-29 17:48:23.225806,6760.8640249917635,out,bank_transfer
13,1,21,2025-02-01 08:30:58.064516,5273.670951046428,in,card
14,1,17,2025-02-03 23:13:32.903225,5778.537575903784,in,bank_transfer
15,1,29,2025-02-06 13:56:07.741935,3717.898383097096,in,card
16,1,17,2025-02-09 04:38:42.580645,3061.2671782462967,in,bank_transfer
17,1,29,2025-02-11 19:21:17.419354,4839.940641699275,out,bank_transfer
18,1,33,2025-02-14 10:03:52.258064,4201.709854159996,in,bank_transfer
19,1,33,2025-02-17 00:46:27.096774,3604.567092779569,in,bank_transfer
20,1,34,2025-02-19 15:29:01.935483,5780.6593260844065,out,bank_transfer
21,1,29,2025-02-22 06:11:36.774193,3274.362042575709,out,bank_transfer
22,1,22,2025-02-24 20:54:11.612903,3500.669106553069,in,bank_transfer
23,1,37,2025-02-27 11:36:46.451612,4097.931750648004,out,bank_transfer
24,1,22,2025-03-02 02:19:21.290322,4830.015522773708,out,bank_transfer
25,1,29,2025-03-04 17:01:56.129032,2786.519500444693,in,bank_transfer
26,1,17,2025-03-07 07:44:30.967741,3816.769297554121,out,bank_transfer
27,1,5,2025-03-09 22:27:05.806451,6047.968165811172,in,bank_transfer
28,1,21,2025-03-12 13:09:40.645161,6617.521865292326,in,card
29,1,17,2025-03-15 03:52:15.483870,10045.473284004616,in,bank_transfer
30,1,29,2025-03-17 18:34:50.322580,3330.130916472332,in,bank_transfer
31,1,37,2025-03-20 09:17:25.161290,7054.059288617201,out,bank_transfer
32,1,34,2025-03-23 00:00:00.000000,3729.1278973217545,out,bank_transfer
33,1,29,2025-03-25 14:42:34.838709,4639.2013895550335,in,bank_transfer
34,1,21,2025-03-28 05:25:09.677419,7137.244762048692,out,bank_transfer
35,1,37,2025-03-30 20:07:44.516129,3688.565598652957,in,card
36,1,21,2025-04-02 10:50:19.354838,3884.955987347976,out,bank_transfer
37,1,34,2025-04-05 01:32:54.193548,2138.81589172776,out,bank_transfer
38,1,34,2025-04-07 16:15:29.032258,3569.0289752183303,in,bank_transfer
39,1,34,2025-04-10 06:58:03.870967,5259.67188148512,in,bank_transfer
40,1,37,2025-04-12 21:40:38.709677,5899.730240866707,out,bank_transfer
41,1,34,2025-04-15 12:23:13.548387,4201.74169961454,out,bank_transfer
42,1,29,2025-04-18 03:05:48.387096,2785.158325443855,out,bank_transfer
43,1,5,2025-04-20 17:48:23.225806,4196.752575359522,out,bank_transfer
44,1,5,2025-04-23 08:30:58.064516,2618.1067960684136,out,bank_transfer
45,1,17,2025-04-25 23:13:32.903225,2470.0861164231032,in,bank_transfer
46,1,29,2025-04-28 13:56:07.741935,5081.120241605494,in,bank_transfer
47,1,22,2025-05-01 04:38:42.580645,5040.69969923305,out,bank_transfer
48,1,5,2025-05-03 19:21:17.419354,4404.462161344225,out,bank_transfer
49,1,17,2025-05-06 10:03:52.258064,7279.217219326356,out,card
50,1,37,2025-05-09 00:46:27.096774,6024.263091733126,out,bank_transfer
51,1,5,2025-05-11 15:29:01.935483,3933.850995410187,out,bank_transfer
52,1,22,2025-05-14 06:11:36.774193,4563.102426086655,out,bank_transfer
53,1,5,2025-05-16 20:54:11.612903,6741.064228988558,in,bank_transfer
54,1,34,2025-05-19 11:36:46.451612,4644.090836147873,out,bank_transfer
55,1,34,2025-05-22 02:19:21.290322,6466.806985432504,in,bank_transfer
56,1,21,2025-05-24 17:01:56.129032,5584.366304010063,in,bank_transfer
57,1,22,2025-05-27 07:44:30.967741,4870.460636210359,in,bank_transfer
58,1,22,2025-05-29 22:27:05.806451,6366.690741483558,out,card
59,1,17,2025-06-01 13:09:40.645161,4746.751698610706,out,bank_transfer
60,1,33,2025-06-04 03:52:15.483870,5516.863382414376,in,bank_transfer
61,1,5,2025-06-06 18:34:50.322580,10604.890806964591,out,bank_transfer
62,1,33,2025-06-09 09:17:25.161290,7155.326373866413,in,bank_transfer
63,1,17,2025-06-12 00:00:00.000000,8786.536868018535,in,bank_transfer
64,1,22,2025-06-14 14:42:34.838709,3724.1668053024205,in,bank_transfer
65,1,29,2025-06-17 05:25:09.677419,3886.8172324898956,out,card
66,1,29,2025-06-19 20:07:44.516129,1990.3220825418116,in,bank_transfer
67,1,21,2025-06-22 10:50:19.354838,2649.7702125439264,in,bank_transfer
68,1,17,2025-06-25 01:32:54.193548,7230.725010304295,out,bank_transfer
69,1,33,2025-06-27 16:15:29.032258,3796.3348212792453,in,bank_transfer
70,1,22,2025-06-30 06:58:03.870967,2545.1178042629663,out,card
71,1,29,2025-07-02 21:40:38.709677,7038.974164059421,out,bank_transfer
72,1,5,2025-07-05 12:23:13.548387,4011.0872129361555,out,bank_transfer
73,1,22,2025-07-08 03:05:48.387096,6552.710052012581,out,bank_transfer
74,1,34,2025-07-10 17:48:23.225806,14547.897169300957,out,bank_transfer
75,1,33,2025-07-13 08:30:58.064516,7581.709889871878,out,card
76,1,34,2025-07-15 23:13:32.903225,5337.099983129235,out,bank_transfer
77,1,29,2025-07-18 13:56:07.741935,3421.1116386758204,in,bank_transfer
78,1,34,2025-07-21 04:38:42.580645,1795.0511172846145,out,bank_transfer
79,1,5,2025-07-23 19:21:17.419354,8696.67152523884,out,bank_transfer
80,1,29,2025-07-26 10:03:52.258064,7457.491675230358,in,bank_transfer
81,1,29,2025-07-29 00:46:27.096774,3131.193582923038,in,bank_transfer
82,1,33,2025-07-31 15:29:01.935483,4234.0506607633215,in,bank_transfer
83,1,22,2025-08-03 06:11:36.774193,4984.076105696893,in,bank_transfer
84,1,37,2025-08-05 20:54:11.612903,3365.2919017374034,in,bank_transfer
85,1,17,2025-08-08 11:36:46.451612,8896.585221955616,in,bank_transfer
86,1,33,2025-08-11 02:19:21.290322,8281.349614960363,in,card
87,1,29,2025-08-13 17:01:56.129032,2078.1777442841308,out,bank_transfer
88,1,22,2025-08-16 07:44:30.967741,3441.310037823566,in,bank_transfer
89,1,22,2025-08-18 22:27:05.806451,5663.6384545342835,out,bank_transfer
90,1,17,2025-08-21 13:09:40.645161,4688.074987016168,in,bank_transfer
91,1,22,2025-08-24 03:52:15.483870,5476.617173791578,in,bank_transfer
92,1,21,2025-08-26 18:34:50.322580,1891.574649681865,out,card
93,1,17,2025-08-29 09:17:25.161290,8436.45983923493,out,card
94,1,22,2025-09-01 00:00:00.000000,11269.252575931476,in,bank_transfer
95,1,29,2025-08-25 16:00:00.000000,32898.19109559486,out,bank_transfer
96,1,37,2025-08-30 13:00:00.000000,35354.87339057636,out,bank_transfer
97,1,14,2025-08-26 11:00:00.000000,37536.700266024505,out,bank_transfer
98,1,24,2025-08-26 10:00:00.000000,27329.078622306857,out,bank_transfer
99,2,3,2025-01-01 00:00:00.000000,3099.8924768091924,out,card
100,2,13,2025-01-03 07:01:07.924528,4752.496613588701,in,card
101,2,26,2025-01-05 14:02:15.849056,6309.622090993265,in,bank_transfer
102,2,26,2025-01-07 21:03:23.773584,3815.4809981809294,in,card
103,2,13,2025-01-10 04:04:31.698113,2151.3694589684205,in,bank_transfer
104,2,24,2025-01-12 11:05:39.622641,2905.280240146713,in,bank_transfer
105,2,27,2025-01-14 18:06:47.547169,7070.43047993697,out,bank_transfer
106,2,26,2025-01-17 01:07:55.471698,3801.739727440458,in,bank_transfer
107,2,34,2025-01-19 08:09:03.396226,2531.494200729183,in,bank_transfer
108,2,26,2025-01-21 15:10:11.320754,2186.981907081147,in,bank_transfer
109,2,24,2025-01-23 22:11:19.245283,2516.2271714901717,in,bank_transfer
110,2,13,2025-01-26 05:12:27.169811,3318.885951218549,out,bank_transfer
111,2,24,2025-01-28 12:13:35.094339,1716.6598647766932,out,bank_transfer
112,2,13,2025-01-30 19:14:43.018867,3211.7688301793933,out,bank_transfer
113,2,24,2025-02-02 02:15:50.943396,2657.327889134787,out,bank_transfer
114,2,3,2025-02-04 09:16:58.867924,2286.2214068003555,out,bank_transfer
115,2,24,2025-02-06 16:18:06.792452,5540.074704099433,out,card
116,2,34,2025-02-08 23:19:14.716981,5313.26339576773,in,bank_transfer
117,2,7,2025-02-11 06:20:22.641509,3815.0145543262042,in,bank_transfer
118,2,34,2025-02-13 13:21:30.566037,4937.467593364101,in,bank_transfer
119,2,27,2025-02-15 20:22:38.490566,4164.283134309056,in,bank_transfer
120,2,7,2025-02-18 03:23:46.415094,2886.0231497484374,in,bank_transfer
121,2,3,2025-02-20 10:24:54.339622,1964.3816041463826,out,bank_transfer
122,2,26,2025-02-22 17:26:02.264150,4946.8658839484,in,bank_transfer
123,2,4,2025-02-25 00:27:10.188679,4000.06861056107,out,bank_transfer
124,2,34,2025-02-27 07:28:18.113207,3960.3373210319355,in,bank_transfer
125,2,24,2025-03-01 14:29:26.037735,4500.593323518265,out,card
126,2,3,2025-03-03 21:30:33.962264,2901.208967377639,out,bank_transfer
127,2,24,2025-03-06 04:31:41.886792,3348.235373514193,in,card
128,2,4,2025-03-08 11:32:49.811320,4329.682061515168,out,bank_transfer
129,2,26,2025-03-10 18:33:57.735849,3767.614454939476,in,bank_transfer
130,2,24,2025-03-13 01:35:05.660377,4955.487961232867,in,bank_transfer
131,2,24,2025-03-15 08:36:13.584905,3780.625475129483,in,bank_transfer
132,2,24,2025-03-17 15:37:21.509433,5700.586987413781,out,bank_transfer
133,2,24,2025-03-19 22:38:29.433962,8739.456248796168,in,bank_transfer
134,2,26,2025-03-22 05:39:37.358490,3030.541033370679,in,bank_transfer
135,2,24,2025-03-24 12:40:45.283018,5205.750364150323,in,bank_transfer
136,2,26,2025-03-26 19:41:53.207547,3145.757089506108,out,bank_transfer
137,2,27,2025-03-29 02:43:01.132075,6888.494320461623,in,bank_transfer
138,2,13,2025-03-31 09:44:09.056603,8079.882900177324,in,bank_transfer
139,2,7,2025-04-02 16:45:16.981132,4786.369316806051,in,bank_transfer
140,2,7,2025-04-04 23:46:24.905660,4217.258346492983,out,bank_transfer
141,2,4,2025-04-07 06:47:32.830188,6237.455559612904,out,bank_transfer
142,2,7,2025-04-09 13:48:40.754716,6564.250988013084,out,bank_transfer
143,2,13,2025-04-11 20:49:48.679245,2205.1607253769025,out,bank_transfer
144,2,26,2025-04-14 03:50:56.603773,5287.560254502545,out,bank_transfer
145,2,26,2025-04-16 10:52:04.528301,2717.4856022018025,in,bank_transfer
146,2,26,2025-04-18 17:53:12.452830,3175.608619171298,out,bank_transfer
147,2,34,2025-04-21 00:54:20.377358,3291.3290005754134,out,card
148,2,24,2025-04-23 07:55:28.301886,5587.701270694584,in,bank_transfer
149,2,13,2025-04-25 14:56:36.226415,2640.524184573512,out,card
150,2,24,2025-04-27 21:57:44.150943,2577.0143868482064,out,bank_transfer
151,2,27,2025-04-30 04:58:52.075471,3803.110673604957,out,bank_transfer
152,2,3,2025-05-02 12:00:00.000000,8421.199628871816,in,bank_transfer
153,2,27,2025-05-04 19:01:07.924528,2839.8232079140707,out,bank_transfer
154,2,26,2025-05-07 02:02:15.849056,5429.158713637811,in,bank_transfer
155,2,3,2025-05-09 09:03:23.773584,7139.355775884661,in,card
156,2,34,2025-05-11 16:04:31.698113,2596.5960067477,in,bank_transfer
157,2,26,2025-05-13 23:05:39.622641,4345.8330103797725,out,bank_transfer
158,2,13,2025-05-16 06:06:47.547169,5766.411866403427,out,bank_transfer
159,2,27,2025-05-18 13:07:55.471698,3417.9160577436774,out,bank_transfer
160,2,24,2025-05-20 20:09:03.396226,4877.77605290129,in,bank_transfer
161,2,24,2025-05-23 03:10:11.320754,2750.49534156032,in,bank_transfer
162,2,7,2025-05-25 10:11:19.245283,2956.8375864187674,in,bank_transfer
163,2,4,2025-05-27 17:12:27.169811,3006.5080084935,out,bank_transfer
164,2,4,2025-05-30 00:13:35.094339,2224.675441246014,out,card
165,2,34,2025-06-01 07:14:43.018867,4667.114549704879,out,bank_transfer
166,2,4,2025-06-03 14:15:50.943396,4218.158053804813,in,bank_transfer
167,2,27,2025-06-05 21:16:58.867924,3541.6186643426086,out,card
168,2,13,2025-06-08 04:18:06.792452,6729.762503797164,in,bank_transfer
169,2,34,2025-06-10 11:19:14.716981,3445.8462871125707,in,bank_transfer
170,2,24,2025-06-12 18:20:22.641509,3840.017255158726,in,bank_transfer
171,2,26,2025-06-15 01:21:30.566037,4306.963283505598,out,bank_transfer
172,2,13,2025-06-17 08:22:38.490566,4518.669756963674,in,card
173,2,13,2025-06-19 15:23:46.415094,11313.19574323327,out,bank_transfer
174,2,7,2025-06-21 22:24:54.339622,3743.281530139072,in,bank_transfer
175,2,27,2025-06-24 05:26:02.264150,3637.6344486360963,in,bank_transfer
176,2,26,2025-06-26 12:27:10.188679,2837.98260255642,in,card
177,2,27,2025-06-28 19:28:18.113207,5171.288186136028,out,bank_transfer
178,2,13,2025-07-01 02:29:26.037735,4312.915486164007,out,bank_transfer
179,2,34,2025-07-03 09:30:33.962264,4727.225816646505,in,bank_transfer
180,2,3,2025-07-05 16:31:41.886792,3073.1589220739716,in,bank_transfer
181,2,7,2025-07-07 23:32:49.811320,3204.4871211683712,out,bank_transfer
182,2,27,2025-07-10 06:33:57.735849,4116.305231252479,in,card
183,2,26,2025-07-12 13:35:05.660377,3368.808577379769,out,bank_transfer
184,2,7,2025-07-14 20:36:13.584905,3581.0150453169367,in,bank_transfer
185,2,4,2025-07-17 03:37:21.509433,4247.34227588269,out,bank_transfer
186,2,4,2025-07-19 10:38:29.433962,3153.5414223924317,out,bank_transfer
187,2,4,2025-07-21 17:39:37.358490,5154.290883290072,out,bank_transfer
188,2,3,2025-07-24 00:40:45.283018,10543.31049466014,in,bank_transfer
189,2,3,2025-07-26 07:41:53.207547,3445.867190953109,out,bank_transfer
190,2,34,2025-07-28 14:43:01.132075,2642.173868305136,in,bank_transfer
191,2,7,2025-07-30 21:44:09.056603,4170.611073136114,in,bank_transfer
192,2,4,2025-08-02 04:45:16.981132,3936.5049966017273,in,bank_transfer
193,2,26,2025-08-04 11:46:24.905660,4408.599243041701,in,bank_transfer
194,2,24,2025-08-06 18:47:32.830188,2698.1495431980793,in,card
195,2,3,2025-08-09 01:48:40.754716,2835.94796858184,in,bank_transfer
196,2,3,2025-08-11 08:49:48.679245,4168.862246822459,out,bank_transfer
197,2,3,2025-08-13 15:50:56.603773,2619.00578136085,out,bank_transfer
198,2,27,2025-08-15 22:52:04.528301,4153.632904143132,in,bank_transfer
199,2,34,2025-08-18 05:53:12.452830,2974.543562703715,out,card
200,2,26,2025-08-20 12:54:20.377358,1698.0310119271046,out,bank_transfer
201,2,3,2025-08-22 19:55:28.301886,6665.52910963385,out,bank_transfer
202,2,24,2025-08-25 02:56:36.226415,2695.7859884160735,out,bank_transfer
203,2,7,2025-08-27 09:57:44.150943,4074.2296723074164,in,bank_transfer
204,2,7,2025-08-29 16:58:52.075471,6101.646154402272,out,bank_transfer
205,2,27,2025-09-01 00:00:00.000000,3266.8341988263855,in,bank_transfer
206,2,23,2025-08-26 08:00:00.000000,26380.00147663585,out,bank_transfer
207,2,23,2025-08-26 22:00:00.000000,27150.160429793592,out,bank_transfer
208,2,24,2025-08-16 18:00:00.000000,26225.469613120422,out,bank_transfer
209,3,30,2025-01-01 00:00:00.000000,4846.890230393883,out,bank_transfer
210,3,30,2025-01-04 13:45:52.941176,4635.6873456350495,out,bank_transfer
211,3,25,2025-01-08 03:31:45.882352,5045.09328512995,out,bank_transfer
212,3,25,2025-01-11 17:17:38.823529,3915.715772210871,out,bank_transfer
213,3,38,2025-01-15 07:03:31.764705,3239.0995216664164,out,bank_transfer
214,3,33,2025-01-18 20:49:24.705882,10313.58630392952,out,bank_transfer
215,3,30,2025-01-22 10:35:17.647058,2914.493028255256,out,bank_transfer
216,3,12,2025-01-26 00:21:10.588235,5124.033448499844,out,bank_transfer
217,3,29,2025-01-29 14:07:03.529411,6279.398010693119,in,bank_transfer
218,3,30,2025-02-02 03:52:56.470588,4238.165655380784,out,bank_transfer
219,3,25,2025-02-05 17:38:49.411764,5073.400043689962,out,bank_transfer
220,3,12,2025-02-09 07:24:42.352941,5906.9625015478405,out,bank_transfer
221,3,12,2025-02-12 21:10:35.294117,7245.414425282245,in,card
222,3,12,2025-02-16 10:56:28.235294,5316.708524087487,out,bank_transfer
223,3,12,2025-02-20 00:42:21.176470,3491.866738065244,in,bank_transfer
224,3,30,2025-02-23 14:28:14.117647,5126.957676470985,in,bank_transfer
225,3,29,2025-02-27 04:14:07.058823,8951.894721019513,out,bank_transfer
226,3,29,2025-03-02 18:00:00.000000,6124.614900960616,in,bank_transfer
227,3,29,2025-03-06 07:45:52.941176,5277.447678663043,out,bank_transfer
228,3,39,2025-03-09 21:31:45.882352,4167.723359574583,out,bank_transfer
229,3,39,2025-03-13 11:17:38.823529,3224.4779172415015,in,bank_transfer
230,3,38,2025-03-17 01:03:31.764705,2808.43112208833,out,bank_transfer
231,3,13,2025-03-20 14:49:24.705882,5413.091113319435,out,bank_transfer
232,3,39,2025-03-24 04:35:17.647058,3310.237395350677,in,bank_transfer
233,3,12,2025-03-27 18:21:10.588235,5872.564413964314,out,bank_transfer
234,3,30,2025-03-31 08:07:03.529411,6049.234746320316,out,bank_transfer
235,3,30,2025-04-03 21:52:56.470588,3903.392207447948,out,bank_transfer
236,3,30,2025-04-07 11:38:49.411764,4957.259773246809,out,bank_transfer
237,3,25,2025-04-11 01:24:42.352941,6579.873797546085,in,bank_transfer
238,3,38,2025-04-14 15:10:35.294117,2461.3665574701217,in,bank_transfer
239,3,29,2025-04-18 04:56:28.235294,7508.328522328212,in,bank_transfer
240,3,25,2025-04-21 18:42:21.176470,3615.6809046364338,out,bank_transfer
241,3,13,2025-04-25 08:28:14.117647,4878.31441764661,out,bank_transfer
242,3,29,2025-04-28 22:14:07.058823,6825.081231315208,out,bank_transfer
243,3,38,2025-05-02 12:00:00.000000,5743.047612528119,in,bank_transfer
244,3,33,2025-05-06 01:45:52.941176,4232.976389031274,out,bank_transfer
245,3,29,2025-05-09 15:31:45.882352,3779.8639350643607,out,bank_transfer
246,3,29,2025-05-13 05:17:38.823529,2869.9757694812033,in,bank_transfer
247,3,39,2025-05-16 19:03:31.764705,4193.415047031977,in,bank_transfer
248,3,12,2025-05-20 08:49:24.705882,8300.860050667554,in,card
249,3,30,2025-05-23 22:35:17.647058,5831.672902880467,in,bank_transfer
250,3,12,2025-05-27 12:21:10.588235,7384.570168042364,in,bank_transfer
251,3,33,2025-05-31 02:07:03.529411,5719.139254507557,out,bank_transfer
252,3,38,2025-06-03 15:52:56.470588,9629.331020046238,out,bank_transfer
253,3,39,2025-06-07 05:38:49.411764,8400.377489020922,in,bank_transfer
254,3,30,2025-06-10 19:24:42.352941,4793.849448961392,in,card
255,3,39,2025-06-14 09:10:35.294117,2233.575101951101,in,bank_transfer
256,3,39,2025-06-17 22:56:28.235294,5564.567563992467,out,bank_transfer
257,3,33,2025-06-21 12:42:21.176470,3661.595190410107,out,bank_transfer
258,3,38,2025-06-25 02:28:14.117647,4481.569279435767,out,bank_transfer
259,3,33,2025-06-28 16:14:07.058823,9206.224868250636,in,bank_transfer
260,3,29,2025-07-02 06:00:00.000000,3039.2934086130913,out,bank_transfer
261,3,13,2025-07-05 19:45:52.941176,5112.5381969527,in,bank_transfer
262,3,13,2025-07-09 09:31:45.882352,4353.227839969958,in,bank_transfer
263,3,13,2025-07-12 23:17:38.823529,4176.651014174728,out,bank_transfer
264,3,39,2025-07-16 13:03:31.764705,6530.040093701272,in,bank_transfer
265,3,13,2025-07-20 02:49:24.705882,3286.120377627082,in,bank_transfer
266,3,29,2025-07-23 16:35:17.647058,1718.210132888984,out,card
267,3,39,2025-07-27 06:21:10.588235,6453.337192840277,out,bank_transfer
268,3,29,2025-07-30 20:07:03.529411,4654.225513682335,in,bank_transfer
269,3,13,2025-08-03 09:52:56.470588,5569.776457227279,out,bank_transfer
270,3,39,2025-08-06 23:38:49.411764,6225.69513599063,in,bank_transfer
271,3,12,2025-08-10 13:24:42.352941,2743.579524010945,in,card
272,3,38,2025-08-14 03:10:35.294117,2374.8315444955847,in,bank_transfer
273,3,13,2025-08-17 16:56:28.235294,7220.144557239914,in,bank_transfer
274,3,38,2025-08-21 06:42:21.176470,4909.670892678291,out,bank_transfer
275,3,39,2025-08-24 20:28:14.117647,7173.790474633109,out,bank_transfer
276,3,38,2025-08-28 10:14:07.058823,4862.51529679817,out,bank_transfer
277,3,33,2025-09-01 00:00:00.000000,3912.466905085816,out,bank_transfer
278,3,5,2025-08-30 18:00:00.000000,50295.269563314854,out,bank_transfer
279,3,2,2025-08-16 15:00:00.000000,50621.8271471378,out,bank_transfer
280,3,39,2025-08-24 02:00:00.000000,28880.012693048775,out,bank_transfer
281,4,12,2025-01-01 00:00:00.000000,3231.4803411905787,out,bank_transfer
282,4,37,2025-01-03 05:30:16.513761,3250.8706414284916,out,bank_transfer
283,4,6,2025-01-05 11:00:33.027522,6072.172149443009,out,card
284,4,5,2025-01-07 16:30:49.541284,2297.07685453891,out,bank_transfer
285,4,12,2025-01-09 22:01:06.055045,2440.821230326123,in,bank_transfer
286,4,16,2025-01-12 03:31:22.568807,4344.682377212458,out,bank_transfer
287,4,6,2025-01-14 09:01:39.082568,11037.757310251918,out,bank_transfer
288,4,12,2025-01-16 14:31:55.596330,4292.96434396924,out,bank_transfer
289,4,23,2025-01-18 20:02:12.110091,5961.094477163445,out,card
290,4,37,2025-01-21 01:32:28.623853,3103.989162541474,out,bank_transfer
291,4,23,2025-01-23 07:02:45.137614,2613.7042308052296,in,bank_transfer
292,4,11,2025-01-25 12:33:01.651376,3925.3226493169095,out,card
293,4,39,2025-01-27 18:03:18.165137,2826.633898900809,in,bank_transfer
294,4,11,2025-01-29 23:33:34.678899,4614.821071726943,in,bank_transfer
295,4,16,2025-02-01 05:03:51.192660,3235.734954387323,in,bank_transfer
296,4,37,2025-02-03 10:34:07.706422,2413.2399203952286,out,card
297,4,37,2025-02-05 16:04:24.220183,4473.847140016613,in,card
298,4,11,2025-02-07 21:34:40.733944,3361.2655191009567,out,bank_transfer
299,4,11,2025-02-10 03:04:57.247706,5357.823461945968,out,bank_transfer
300,4,12,2025-02-12 08:35:13.761467,3180.601499474716,in,bank_transfer
301,4,16,2025-02-14 14:05:30.275229,4398.694181334539,out,card
302,4,16,2025-02-16 19:35:46.788990,3320.8417650553833,in,bank_transfer
303,4,12,2025-02-19 01:06:03.302752,2526.9232605374527,out,bank_transfer
304,4,11,2025-02-21 06:36:19.816513,8933.481141074817,in,bank_transfer
305,4,16,2025-02-23 12:06:36.330275,3281.224925372237,out,bank_transfer
306,4,6,2025-02-25 17:36:52.844036,4494.159110253293,in,bank_transfer
307,4,6,2025-02-27 23:07:09.357798,5646.260666514196,out,bank_transfer
308,4,39,2025-03-02 04:37:25.871559,3430.2058690623544,in,bank_transfer
309,4,11,2025-03-04 10:07:42.385321,7149.459885271506,out,bank_transfer
310,4,37,2025-03-06 15:37:58.899082,3246.5377031270714,in,bank_transfer
311,4,23,2025-03-08 21:08:15.412844,4467.09262282421,in,bank_transfer
312,4,16,2025-03-11 02:38:31.926605,5378.872384126534,in,bank_transfer
313,4,39,2025-03-13 08:08:48.440366,2359.355754327873,out,bank_transfer
314,4,16,2025-03-15 13:39:04.954128,3164.9986427582908,out,bank_transfer
315,4,12,2025-03-17 19:09:21.467889,3430.8031056881287,out,bank_transfer
316,4,23,2025-03-20 00:39:37.981651,3964.164877822343,in,bank_transfer
317,4,11,2025-03-22 06:09:54.495412,4954.035063694963,out,card
318,4,23,2025-03-24 11:40:11.009174,5684.568039456153,in,bank_transfer
319,4,16,2025-03-26 17:10:27.522935,5010.81460843705,in,bank_transfer
320,4,12,2025-03-28 22:40:44.036697,9753.695905810873,out,bank_transfer
321,4,37,2025-03-31 04:11:00.550458,3803.439165331498,out,bank_transfer
322,4,11,2025-04-02 09:41:17.064220,3656.134476914714,in,bank_transfer
323,4,16,2025-04-04 15:11:33.577981,5186.70634027417,out,card
324,4,5,2025-04-06 20:41:50.091743,7351.792549050272,in,bank_transfer
325,4,23,2025-04-09 02:12:06.605504,4990.411820249065,in,bank_transfer
326,4,11,2025-04-11 07:42:23.119266,9825.779301147366,in,bank_transfer
327,4,39,2025-04-13 13:12:39.633027,4596.117176316513,in,bank_transfer
328,4,39,2025-04-15 18:42:56.146788,6966.540133907861,in,bank_transfer
329,4,37,2025-04-18 00:13:12.660550,4290.869779887854,out,card
330,4,5,2025-04-20 05:43:29.174311,7905.187686174299,out,card
331,4,16,2025-04-22 11:13:45.688073,2548.960568667299,out,bank_transfer
332,4,23,2025-04-24 16:44:02.201834,3818.5838491109635,out,card
333,4,16,2025-04-26 22:14:18.715596,7076.09907189095,out,bank_transfer
334,4,11,2025-04-29 03:44:35.229357,3579.5780477469298,out,bank_transfer
335,4,16,2025-05-01 09:14:51.743119,2788.3644273503596,in,card
336,4,12,2025-05-03 14:45:08.256880,2749.728672395845,in,bank_transfer
337,4,16,2025-05-05 20:15:24.770642,4163.375764429135,out,bank_transfer
338,4,5,2025-05-08 01:45:41.284403,3306.97491412127,in,bank_transfer
339,4,23,2025-05-10 07:15:57.798165,9998.468693585657,in,bank_transfer
340,4,11,2025-05-12 12:46:14.311926,3258.316064283055,out,bank_transfer
341,4,37,2025-05-14 18:16:30.825688,6343.691267434192,out,bank_transfer
342,4,11,2025-05-16 23:46:47.339449,4188.329299602871,out,bank_transfer
343,4,12,2025-05-19 05:17:03.853211,1537.4297825390393,out,bank_transfer
344,4,23,2025-05-21 10:47:20.366972,2242.0747659206418,out,bank_transfer
345,4,37,2025-05-23 16:17:36.880733,3163.071674960607,out,bank_transfer
346,4,16,2025-05-25 21:47:53.394495,5614.429264188335,in,bank_transfer
347,4,6,2025-05-28 03:18:09.908256,3889.2899150655494,out,bank_transfer
348,4,12,2025-05-30 08:48:26.422018,3151.0777165474174,out,bank_transfer
349,4,39,2025-06-01 14:18:42.935779,4578.597136604234,out,bank_transfer
350,4,37,2025-06-03 19:48:59.449541,5427.147454208394,in,bank_transfer
351,4,37,2025-06-06 01:19:15.963302,5518.666097286346,in,card
352,4,5,2025-06-08 06:49:32.477064,4942.7611303521735,out,bank_transfer
353,4,39,2025-06-10 12:19:48.990825,5048.174117405692,in,bank_transfer
354,4,12,2025-06-12 17:50:05.504587,6160.094944335404,out,card
355,4,37,2025-06-14 23:20:22.018348,2042.3007977895002,in,bank_transfer
356,4,39,2025-06-17 04:50:38.532110,2788.1517886505703,in,bank_transfer
357,4,23,2025-06-19 10:20:55.045871,4378.905603611266,out,bank_transfer
358,4,37,2025-06-21 15:51:11.559633,5750.533520141858,in,bank_transfer
359,4,39,2025-06-23 21:21:28.073394,4780.321485223568,out,bank_transfer
360,4,16,2025-06-26 02:51:44.587155,2595.800889605922,out,card
361,4,11,2025-06-28 08:22:01.100917,4989.634365984946,in,bank_transfer
362,4,6,2025-06-30 13:52:17.614678,5759.627500534399,in,bank_transfer
363,4,12,2025-07-02 19:22:34.128440,3721.026530141348,in,bank_transfer
364,4,39,2025-07-05 00:52:50.642201,2203.0568133978977,out,card
365,4,37,2025-07-07 06:23:07.155963,2969.5261513751348,in,card
366,4,23,2025-07-09 11:53:23.669724,3730.837329672155,out,bank_transfer
367,4,11,2025-07-11 17:23:40.183486,2751.820625270176,in,bank_transfer
368,4,6,2025-07-13 22:53:56.697247,1684.4082368191462,out,card
369,4,12,2025-07-16 04:24:13.211009,3867.2608060739217,in,bank_transfer
370,4,11,2025-07-18 09:54:29.724770,3475.0571121270063,in,bank_transfer
371,4,5,2025-07-20 15:24:46.238532,3751.1727047341333,out,bank_transfer
372,4,16,2025-07-22 20:55:02.752293,4740.2211405465605,in,bank_transfer
373,4,37,2025-07-25 02:25:19.266055,4751.33091628557,out,bank_transfer
374,4,12,2025-07-27 07:55:35.779816,6782.810873168756,out,bank_transfer
375,4,6,2025-07-29 13:25:52.293577,7313.408780687425,out,bank_transfer
376,4,5,2025-07-31 18:56:08.807339,9008.116889674464,in,bank_transfer
377,4,39,2025-08-03 00:26:25.321100,4035.117017829452,out,bank_transfer
378,4,23,2025-08-05 05:56:41.834862,4716.795036604143,out,card
379,4,23,2025-08-07 11:26:58.348623,1967.8385913195802,in,bank_transfer
380,4,39,2025-08-09 16:57:14.862385,2233.2667300722514,out,bank_transfer
381,4,11,2025-08-11 22:27:31.376146,3381.674675224799,in,bank_transfer
382,4,23,2025-08-14 03:57:47.889908,6123.983677389276,out,card
383,4,16,2025-08-16 09:28:04.403669,2826.4874792258347,in,bank_transfer
384,4,37,2025-08-18 14:58:20.917431,4144.800566947402,in,card
385,4,39,2025-08-20 20:28:37.431192,11438.953387694188,out,bank_transfer
386,4,6,2025-08-23 01:58:53.944954,1937.9147633506464,in,bank_transfer
387,4,5,2025-08-25 07:29:10.458715,4957.915268600479,in,bank_transfer
388,4,6,2025-08-27 12:59:26.972477,5603.331440499618,out,bank_transfer
389,4,37,2025-08-29 18:29:43.486238,4272.4501968795275,out,bank_transfer
390,4,39,2025-09-01 00:00:00.000000,6605.731507015993,in,bank_transfer
391,4,11,2025-08-18 10:00:00.000000,42673.08579294677,out,bank_transfer
392,4,35,2025-08-29 16:00:00.000000,38866.80617478202,out,bank_transfer
393,4,24,2025-08-25 08:00:00.000000,28761.23782562073,out,bank_transfer
394,4,21,2025-08-17 11:00:00.000000,44353.049140207804,out,bank_transfer
395,5,31,2025-01-01 00:00:00.000000,2968.4500713380758,in,bank_transfer
396,5,13,2025-01-03 05:30:16.513761,4539.148803327851,out,bank_transfer
397,5,18,2025-01-05 11:00:33.027522,3306.5398710100567,out,bank_transfer
398,5,2,2025-01-07 16:30:49.541284,3088.1931246075073,in,bank_transfer
399,5,26,2025-01-09 22:01:06.055045,2265.442833559699,in,bank_transfer
400,5,13,2025-01-12 03:31:22.568807,2011.340828362397,out,bank_transfer
401,5,3,2025-01-14 09:01:39.082568,4414.353730886705,in,bank_transfer
402,5,26,2025-01-16 14:31:55.596330,4247.5038013262565,out,bank_transfer
403,5,31,2025-01-18 20:02:12.110091,5479.711710771639,out,bank_transfer
404,5,26,2025-01-21 01:32:28.623853,5227.67950639149,out,bank_transfer
405,5,8,2025-01-23 07:02:45.137614,2948.1755604759223,in,bank_transfer
406,5,8,2025-01-25 12:33:01.651376,2686.0969835752394,out,card
407,5,2,2025-01-27 18:03:18.165137,3733.5818205649234,out,bank_transfer
408,5,13,2025-01-29 23:33:34.678899,3762.421524688907,out,bank_transfer
409,5,31,2025-02-01 05:03:51.192660,2110.123888504939,out,bank_transfer
410,5,26,2025-02-03 10:34:07.706422,4575.419083954834,in,bank_transfer
411,5,18,2025-02-05 16:04:24.220183,4803.665297587714,out,bank_transfer
412,5,26,2025-02-07 21:34:40.733944,6572.221597426822,in,card
413,5,29,2025-02-10 03:04:57.247706,2326.3746675043344,out,bank_transfer
414,5,3,2025-02-12 08:35:13.761467,3543.595458580806,out,bank_transfer
415,5,13,2025-02-14 14:05:30.275229,4586.895853556072,out,card
416,5,26,2025-02-16 19:35:46.788990,5078.228880256443,out,bank_transfer
417,5,3,2025-02-19 01:06:03.302752,2567.592007339727,in,bank_transfer
418,5,13,2025-02-21 06:36:19.816513,2343.3566003725164,in,bank_transfer
419,5,2,2025-02-23 12:06:36.330275,2632.918616426084,out,bank_transfer
420,5,13,2025-02-25 17:36:52.844036,1781.634263345035,in,card
421,5,3,2025-02-27 23:07:09.357798,5212.047546966441,out,bank_transfer
422,5,29,2025-03-02 04:37:25.871559,2875.2298863155706,out,bank_transfer
423,5,13,2025-03-04 10:07:42.385321,2279.3338185071307,out,bank_transfer
424,5,31,2025-03-06 15:37:58.899082,2048.3557203632813,in,card
425,5,13,2025-03-08 21:08:15.412844,2345.4802231698436,out,card
426,5,18,2025-03-11 02:38:31.926605,5774.878837745032,out,bank_transfer
427,5,2,2025-03-13 08:08:48.440366,2381.9360401782355,in,bank_transfer
428,5,8,2025-03-15 13:39:04.954128,1674.1906590447545,out,bank_transfer
429,5,18,2025-03-17 19:09:21.467889,4413.531726185062,out,bank_transfer
430,5,3,2025-03-20 00:39:37.981651,3367.954381180381,in,card
431,5,2,2025-03-22 06:09:54.495412,2894.7483006590423,in,card
432,5,31,2025-03-24 11:40:11.009174,3288.780576696997,out,card
433,5,3,2025-03-26 17:10:27.522935,2961.619665195262,out,card
434,5,26,2025-03-28 22:40:44.036697,4003.5361848447797,in,bank_transfer
435,5,31,2025-03-31 04:11:00.550458,3196.374910045845,in,bank_transfer
436,5,13,2025-04-02 09:41:17.064220,2481.1673978315134,out,bank_transfer
437,5,8,2025-04-04 15:11:33.577981,3860.187981927334,in,bank_transfer
438,5,26,2025-04-06 20:41:50.091743,2682.2741914944927,in,bank_transfer
439,5,8,2025-04-09 02:12:06.605504,7592.278067874989,out,bank_transfer
440,5,3,2025-04-11 07:42:23.119266,2628.899414609375,out,bank_transfer
441,5,18,2025-04-13 13:12:39.633027,3008.5687505920287,out,bank_transfer
442,5,26,2025-04-15 18:42:56.146788,4832.5065449991835,out,bank_transfer
443,5,8,2025-04-18 00:13:12.660550,2762.458682199956,in,bank_transfer
444,5,29,2025-04-20 05:43:29.174311,3531.228290679098,out,bank_transfer
445,5,3,2025-04-22 11:13:45.688073,3624.3099657520484,in,bank_transfer
446,5,13,2025-04-24 16:44:02.201834,3984.913135025878,in,bank_transfer
447,5,31,2025-04-26 22:14:18.715596,4054.5201532891438,out,bank_transfer
448,5,3,2025-04-29 03:44:35.229357,2900.58164254492,out,bank_transfer
449,5,2,2025-05-01 09:14:51.743119,2700.1664509925304,out,bank_transfer
450,5,26,2025-05-03 14:45:08.256880,6797.506669194379,in,bank_transfer
451,5,8,2025-05-05 20:15:24.770642,3805.4651621917724,out,bank_transfer
452,5,29,2025-05-08 01:45:41.284403,3921.8626099750927,out,bank_transfer
453,5,26,2025-05-10 07:15:57.798165,3324.3454035257537,in,bank_transfer
454,5,3,2025-05-12 12:46:14.311926,3201.4691510425478,in,card
455,5,2,2025-05-14 18:16:30.825688,4465.077820358788,out,bank_transfer
456,5,29,2025-05-16 23:46:47.339449,2119.7537162569624,out,bank_transfer
457,5,2,2025-05-19 05:17:03.853211,1571.7760662780872,out,bank_transfer
458,5,31,2025-05-21 10:47:20.366972,2716.281626806869,in,bank_transfer
459,5,2,2025-05-23 16:17:36.880733,2869.0916858195465,out,bank_transfer
460,5,13,2025-05-25 21:47:53.394495,2349.0966066238766,out,bank_transfer
461,5,13,2025-05-28 03:18:09.908256,5095.2025360390435,out,bank_transfer
462,5,31,2025-05-30 08:48:26.422018,2228.512177059101,out,bank_transfer
463,5,31,2025-06-01 14:18:42.935779,3923.9016672905277,in,bank_transfer
464,5,18,2025-06-03 19:48:59.449541,6870.101634736112,in,bank_transfer
465,5,8,2025-06-06 01:19:15.963302,1664.83642410769,out,bank_transfer
466,5,18,2025-06-08 06:49:32.477064,4247.2138427833315,in,bank_transfer
467,5,8,2025-06-10 12:19:48.990825,3289.4872878162914,in,bank_transfer
468,5,31,2025-06-12 17:50:05.504587,3994.704759259399,out,bank_transfer
469,5,26,2025-06-14 23:20:22.018348,7251.817267549947,in,bank_transfer
470,5,3,2025-06-17 04:50:38.532110,3683.518953171621,in,bank_transfer
471,5,2,2025-06-19 10:20:55.045871,4212.326210903134,out,bank_transfer
472,5,26,2025-06-21 15:51:11.559633,5527.979808609792,in,bank_transfer
473,5,31,2025-06-23 21:21:28.073394,3124.3640044602,in,bank_transfer
474,5,26,2025-06-26 02:51:44.587155,3603.0075397311807,in,bank_transfer
475,5,3,2025-06-28 08:22:01.100917,2915.707695188338,out,bank_transfer
476,5,13,2025-06-30 13:52:17.614678,3659.2654749335247,in,bank_transfer
477,5,31,2025-07-02 19:22:34.128440,3708.106880139395,out,bank_transfer
478,5,18,2025-07-05 00:52:50.642201,3353.726069196824,out,bank_transfer
479,5,18,2025-07-07 06:23:07.155963,4687.555234139593,in,card
480,5,3,2025-07-09 11:53:23.669724,2262.3543544955223,in,bank_transfer
481,5,13,2025-07-11 17:23:40.183486,1836.107985140296,out,bank_transfer
482,5,3,2025-07-13 22:53:56.697247,3344.583648926236,in,bank_transfer
483,5,2,2025-07-16 04:24:13.211009,3494.9726795404317,out,card
484,5,29,2025-07-18 09:54:29.724770,4079.0521298389863,in,bank_transfer
485,5,31,2025-07-20 15:24:46.238532,2284.1696736390604,in,bank_transfer
486,5,18,2025-07-22 20:55:02.752293,3506.53641273512,out,card
487,5,8,2025-07-25 02:25:19.266055,1693.5056943760917,in,card
488,5,13,2025-07-27 07:55:35.779816,3251.5656545408906,in,bank_transfer
489,5,8,2025-07-29 13:25:52.293577,3837.167382716495,out,bank_transfer
490,5,26,2025-07-31 18:56:08.807339,4197.264632689671,in,card
491,5,29,2025-08-03 00:26:25.321100,2985.5505765980806,out,bank_transfer
492,5,31,2025-08-05 05:56:41.834862,3637.9058533387297,in,bank_transfer
493,5,31,2025-08-07 11:26:58.348623,5612.662296762515,out,bank_transfer
494,5,8,2025-08-09 16:57:14.862385,2836.153896308897,out,bank_transfer
495,5,31,2025-08-11 22:27:31.376146,3728.6830007758313,out,bank_transfer
496,5,13,2025-08-14 03:57:47.889908,3854.6758267680952,in,bank_transfer
497,5,13,2025-08-16 09:28:04.403669,2546.443799503434,out,bank_transfer
498,5,3,2025-08-18 14:58:20.917431,3736.391021607151,in,bank_transfer
499,5,8,2025-08-20 20:28:37.431192,4411.533409131717,out,card
500,5,3,2025-08-23 01:58:53.944954,2839.330901931933,out,card
501,5,2,2025-08-25 07:29:10.458715,3088.84687344239,in,bank_transfer
502,5,26,2025-08-27 12:59:26.972477,3961.7662041024073,out,bank_transfer
503,5,2,2025-08-29 18:29:43.486238,1566.4298578554062,out,card
504,5,8,2025-09-01 00:00:00.000000,2616.039192431414,out,bank_transfer
505,5,4,2025-08-29 02:00:00.000000,35355.981188177015,out,bank_transfer
506,5,26,2025-08-30 07:00:00.000000,20478.71138231074,out,bank_transfer
507,5,10,2025-08-28 23:00:00.000000,32559.37268533703,out,bank_transfer
508,5,5,2025-08-15 14:00:00.000000,21843.299177159573,out,bank_transfer
509,6,18,2025-01-01 00:00:00.000000,4949.368448216291,out,card
510,6,1,2025-01-03 19:02:04.137931,6074.966926613003,in,bank_transfer
511,6,36,2025-01-06 14:04:08.275862,3081.762296789835,in,bank_transfer
512,6,2,2025-01-09 09:06:12.413793,3649.406205009725,in,bank_transfer
513,6,40,2025-01-12 04:08:16.551724,2877.409206993315,out,bank_transfer
514,6,36,2025-01-14 23:10:20.689655,3822.2318542104667,in,bank_transfer
515,6,1,2025-01-17 18:12:24.827586,4947.700153823705,in,bank_transfer
516,6,1,2025-01-20 13:14:28.965517,2381.322310338595,out,bank_transfer
517,6,18,2025-01-23 08:16:33.103448,6078.860746866233,in,bank_transfer
518,6,36,2025-01-26 03:18:37.241379,2546.468067709722,out,card
519,6,6,2025-01-28 22:20:41.379310,2968.834531503419,out,bank_transfer
520,6,18,2025-01-31 17:22:45.517241,6660.013321137388,in,bank_transfer
521,6,1,2025-02-03 12:24:49.655172,2704.7129203860795,out,bank_transfer
522,6,18,2025-02-06 07:26:53.793103,4646.801726243744,out,bank_transfer
523,6,31,2025-02-09 02:28:57.931034,4890.788691349939,in,bank_transfer
524,6,6,2025-02-11 21:31:02.068965,2066.6757929934247,in,bank_transfer
525,6,31,2025-02-14 16:33:06.206896,8376.586863111988,in,card
526,6,33,2025-02-17 11:35:10.344827,13080.740563668967,out,bank_transfer
527,6,2,2025-02-20 06:37:14.482758,3316.488325394395,in,bank_transfer
528,6,1,2025-02-23 01:39:18.620689,7731.153555174713,in,card
529,6,6,2025-02-25 20:41:22.758620,5273.792484304544,in,bank_transfer
530,6,36,2025-02-28 15:43:26.896551,2945.481394641,out,card
531,6,31,2025-03-03 10:45:31.034482,4495.037597983221,out,bank_transfer
532,6,1,2025-03-06 05:47:35.172413,5148.720006962598,out,bank_transfer
533,6,33,2025-03-09 00:49:39.310344,2436.3309280785747,out,bank_transfer
534,6,40,2025-03-11 19:51:43.448275,3229.5204510721924,in,bank_transfer
535,6,18,2025-03-14 14:53:47.586206,2054.4826026252326,in,bank_transfer
536,6,2,2025-03-17 09:55:51.724137,3268.6003302665795,in,card
537,6,18,2025-03-20 04:57:55.862068,3781.0388635263976,out,card
538,6,6,2025-03-23 00:00:00.000000,2895.173627699592,out,bank_transfer
539,6,18,2025-03-25 19:02:04.137931,1593.3462621034078,in,card
540,6,31,2025-03-28 14:04:08.275862,5847.619321015906,in,bank_transfer
541,6,18,2025-03-31 09:06:12.413793,4975.695226200964,in,bank_transfer
542,6,1,2025-04-03 04:08:16.551724,3223.1801102711884,out,bank_transfer
543,6,18,2025-04-05 23:10:20.689655,6122.3813737446435,in,bank_transfer
544,6,33,2025-04-08 18:12:24.827586,4185.69915675991,out,bank_transfer
545,6,18,2025-04-11 13:14:28.965517,1852.7656095456728,in,bank_transfer
546,6,2,2025-04-14 08:16:33.103448,4439.912480425339,out,bank_transfer
547,6,36,2025-04-17 03:18:37.241379,2931.3649932939,out,bank_transfer
548,6,36,2025-04-19 22:20:41.379310,6963.377460867896,out,bank_transfer
549,6,40,2025-04-22 17:22:45.517241,2412.2592682293166,out,bank_transfer
550,6,31,2025-04-25 12:24:49.655172,6181.11198446179,in,bank_transfer
551,6,36,2025-04-28 07:26:53.793103,5895.168200976123,in,bank_transfer
552,6,36,2025-05-01 02:28:57.931034,6729.987134555358,in,bank_transfer
553,6,40,2025-05-03 21:31:02.068965,2564.260080989299,in,card
554,6,40,2025-05-06 16:33:06.206896,2571.0469103795112,out,bank_transfer
555,6,6,2025-05-09 11:35:10.344827,3438.4240945116985,out,bank_transfer
556,6,2,2025-05-12 06:37:14.482758,2605.124019523184,in,bank_transfer
557,6,40,2025-05-15 01:39:18.620689,2072.098450535467,out,bank_transfer
558,6,33,2025-05-17 20:41:22.758620,2907.1230986554933,out,bank_transfer
559,6,18,2025-05-20 15:43:26.896551,4096.285026242853,in,bank_transfer
560,6,6,2025-05-23 10:45:31.034482,3876.4170057184974,in,card
561,6,31,2025-05-26 05:47:35.172413,3029.8148323151963,in,bank_transfer
562,6,1,2025-05-29 00:49:39.310344,3382.1496413711598,out,bank_transfer
563,6,2,2025-05-31 19:51:43.448275,5216.0069749126715,out,bank_transfer
564,6,2,2025-06-03 14:53:47.586206,2381.827915309432,in,bank_transfer
565,6,2,2025-06-06 09:55:51.724137,5664.61044436901,in,bank_transfer
566,6,40,2025-06-09 04:57:55.862068,4202.886975910357,in,card
567,6,18,2025-06-12 00:00:00.000000,4700.947340141839,out,bank_transfer
568,6,40,2025-06-14 19:02:04.137931,4320.664572286472,out,bank_transfer
569,6,31,2025-06-17 14:04:08.275862,3439.8134573983443,in,bank_transfer
570,6,31,2025-06-20 09:06:12.413793,3705.368670910055,in,card
571,6,40,2025-06-23 04:08:16.551724,5911.590314629265,out,bank_transfer
572,6,33,2025-06-25 23:10:20.689655,3298.7468292902,out,bank_transfer
573,6,18,2025-06-28 18:12:24.827586,3735.0181562795105,out,bank_transfer
574,6,1,2025-07-01 13:14:28.965517,3516.379245866353,in,bank_transfer
575,6,2,2025-07-04 08:16:33.103448,3165.9964657568057,in,bank_transfer
576,6,33,2025-07-07 03:18:37.241379,1982.8648635683523,out,bank_transfer
577,6,31,2025-07-09 22:20:41.379310,2248.5115455617874,in,bank_transfer
578,6,2,2025-07-12 17:22:45.517241,4968.195333222577,in,card
579,6,6,2025-07-15 12:24:49.655172,2755.6883709468543,in,bank_transfer
580,6,33,2025-07-18 07:26:53.793103,2860.3875399046756,in,bank_transfer
581,6,18,2025-07-21 02:28:57.931034,4953.004520707302,out,bank_transfer
582,6,33,2025-07-23 21:31:02.068965,6835.106162045348,in,bank_transfer
583,6,18,2025-07-26 16:33:06.206896,4604.562151884776,in,bank_transfer
584,6,36,2025-07-29 11:35:10.344827,4553.856463678815,in,bank_transfer
585,6,36,2025-08-01 06:37:14.482758,5337.919475890102,out,bank_transfer
586,6,40,2025-08-04 01:39:18.620689,5376.781037537123,in,card
587,6,2,2025-08-06 20:41:22.758620,5791.346143652088,out,bank_transfer
588,6,36,2025-08-09 15:43:26.896551,9705.789255001428,in,bank_transfer
589,6,6,2025-08-12 10:45:31.034482,3437.783700025692,out,bank_transfer
590,6,31,2025-08-15 05:47:35.172413,6742.817102770255,out,bank_transfer
591,6,6,2025-08-18 00:49:39.310344,8366.031860205714,in,bank_transfer
592,6,40,2025-08-20 19:51:43.448275,2774.611964833066,in,bank_transfer
593,6,31,2025-08-23 14:53:47.586206,3229.4804733248056,out,bank_transfer
594,6,6,2025-08-26 09:55:51.724137,3702.5029090885755,in,bank_transfer
595,6,40,2025-08-29 04:57:55.862068,3095.4225116422185,in,bank_transfer
596,6,36,2025-09-01 00:00:00.000000,6716.897332410052,in,bank_transfer
597,6,10,2025-08-30 17:00:00.000000,39515.981243160146,out,bank_transfer
598,6,3,2025-08-28 13:00:00.000000,38121.49434227671,out,bank_transfer
599,6,35,2025-08-28 10:00:00.000000,22802.40164096005,out,bank_transfer
600,7,18,2025-01-01 00:00:00.000000,2311.9500910248184,in,bank_transfer
601,7,29,2025-01-03 13:23:22.105263,946.1569160768432,in,bank_transfer
602,7,18,2025-01-06 02:46:44.210526,1270.7190070500128,out,bank_transfer
603,7,22,2025-01-08 16:10:06.315789,1912.6557831633054,in,bank_transfer
604,7,2,2025-01-11 05:33:28.421052,2291.2433717887125,out,bank_transfer
605,7,11,2025-01-13 18:56:50.526315,968.5366273977443,out,bank_transfer
606,7,2,2025-01-16 08:20:12.631578,1103.2507241010046,out,bank_transfer
607,7,11,2025-01-18 21:43:34.736842,1067.3580108744209,out,bank_transfer
608,7,30,2025-01-21 11:06:56.842105,1973.348565907561,out,card
609,7,8,2025-01-24 00:30:18.947368,890.677696396287,in,bank_transfer
610,7,30,2025-01-26 13:53:41.052631,1422.8429952368244,in,bank_transfer
611,7,29,2025-01-29 03:17:03.157894,1676.3614508960727,out,bank_transfer
612,7,29,2025-01-31 16:40:25.263157,2988.338684468007,out,card
613,7,30,2025-02-03 06:03:47.368421,2125.4567830279652,in,bank_transfer
614,7,30,2025-02-05 19:27:09.473684,1172.8684358463765,out,bank_transfer
615,7,29,2025-02-08 08:50:31.578947,1632.2541103570195,in,bank_transfer
616,7,11,2025-02-10 22:13:53.684210,1891.1728193542936,in,bank_transfer
617,7,22,2025-02-13 11:37:15.789473,1626.7411641751803,in,card
618,7,29,2025-02-16 01:00:37.894736,850.0754302304534,in,bank_transfer
619,7,40,2025-02-18 14:24:00.000000,2420.4468874274226,out,card
620,7,30,2025-02-21 03:47:22.105263,1761.8503098368503,in,bank_transfer
621,7,22,2025-02-23 17:10:44.210526,1876.7638357879507,out,bank_transfer
622,7,11,2025-02-26 06:34:06.315789,1046.1601774973576,out,bank_transfer
623,7,2,2025-02-28 19:57:28.421052,933.1478267111717,out,bank_transfer
624,7,22,2025-03-03 09:20:50.526315,1072.3293400299044,out,bank_transfer
625,7,40,2025-03-05 22:44:12.631578,1216.5314916262564,in,bank_transfer
626,7,30,2025-03-08 12:07:34.736842,715.29097092661,out,bank_transfer
627,7,18,2025-03-11 01:30:56.842105,1179.7685807295604,in,card
628,7,22,2025-03-13 14:54:18.947368,1673.3268516581325,in,bank_transfer
629,7,29,2025-03-16 04:17:41.052631,380.87988497473987,in,bank_transfer
630,7,22,2025-03-18 17:41:03.157894,904.7248982644627,out,bank_transfer
631,7,11,2025-03-21 07:04:25.263157,1176.7457586604312,out,bank_transfer
632,7,11,2025-03-23 20:27:47.368421,1019.3580771390048,in,card
633,7,22,2025-03-26 09:51:09.473684,1159.784077297336,in,bank_transfer
634,7,11,2025-03-28 23:14:31.578947,1045.383458677353,out,bank_transfer
635,7,30,2025-03-31 12:37:53.684210,1860.768812555282,in,bank_transfer
636,7,40,2025-04-03 02:01:15.789473,628.7665056674741,in,bank_transfer
637,7,22,2025-04-05 15:24:37.894736,2529.580557758299,in,bank_transfer
638,7,2,2025-04-08 04:48:00.000000,1596.2509201154903,in,bank_transfer
639,7,11,2025-04-10 18:11:22.105263,846.1947506406706,out,bank_transfer
640,7,11,2025-04-13 07:34:44.210526,1004.8575922511674,in,bank_transfer
641,7,40,2025-04-15 20:58:06.315789,927.193155218409,out,card
642,7,18,2025-04-18 10:21:28.421052,2306.8051803022213,out,bank_transfer
643,7,2,2025-04-20 23:44:50.526315,1353.5095387820068,out,bank_transfer
644,7,29,2025-04-23 13:08:12.631578,739.3848771536049,in,card
645,7,22,2025-04-26 02:31:34.736842,1406.98435113795,out,bank_transfer
646,7,40,2025-04-28 15:54:56.842105,1421.7807133273616,out,bank_transfer
647,7,2,2025-05-01 05:18:18.947368,2325.2496967229067,out,bank_transfer
648,7,22,2025-05-03 18:41:41.052631,1182.379990616048,out,bank_transfer
649,7,2,2025-05-06 08:05:03.157894,1518.2366888101885,out,bank_transfer
650,7,30,2025-05-08 21:28:25.263157,1302.367423172468,out,bank_transfer
651,7,22,2025-05-11 10:51:47.368421,662.1299358738886,in,bank_transfer
652,7,30,2025-05-14 00:15:09.473684,1561.7516120942055,in,card
653,7,30,2025-05-16 13:38:31.578947,1509.162536631202,out,bank_transfer
654,7,30,2025-05-19 03:01:53.684210,945.1744688105596,in,bank_transfer
655,7,22,2025-05-21 16:25:15.789473,1465.5101180043373,out,bank_transfer
656,7,30,2025-05-24 05:48:37.894736,1808.0251544838266,out,bank_transfer
657,7,22,2025-05-26 19:12:00.000000,1408.5397250643277,in,bank_transfer
658,7,29,2025-05-29 08:35:22.105263,1024.7066173559995,out,bank_transfer
659,7,30,2025-05-31 21:58:44.210526,2347.473012197483,in,bank_transfer
660,7,30,2025-06-03 11:22:06.315789,3254.3145842982326,in,bank_transfer
661,7,2,2025-06-06 00:45:28.421052,763.1325489242043,out,card
662,7,22,2025-06-08 14:08:50.526315,1085.2717237958852,in,bank_transfer
663,7,29,2025-06-11 03:32:12.631578,1896.3836226665155,in,bank_transfer
664,7,11,2025-06-13 16:55:34.736842,808.5634930033267,in,bank_transfer
665,7,40,2025-06-16 06:18:56.842105,1907.0202838803366,in,card
666,7,2,2025-06-18 19:42:18.947368,606.3182765830825,in,bank_transfer
667,7,29,2025-06-21 09:05:41.052631,663.0993593177088,in,bank_transfer
668,7,8,2025-06-23 22:29:03.157894,873.3850630854073,out,bank_transfer
669,7,11,2025-06-26 11:52:25.263157,1438.5905852873657,out,bank_transfer
670,7,11,2025-06-29 01:15:47.368421,2130.1233896965978,in,bank_transfer
671,7,29,2025-07-01 14:39:09.473684,668.5587462780076,out,bank_transfer
672,7,22,2025-07-04 04:02:31.578947,1163.9426013852499,in,bank_transfer
673,7,30,2025-07-06 17:25:53.684210,1915.6327012633776,in,bank_transfer
674,7,30,2025-07-09 06:49:15.789473,1777.99541755577,in,card
675,7,18,2025-07-11 20:12:37.894736,1059.9511054757943,in,bank_transfer
676,7,22,2025-07-14 09:36:00.000000,1311.6807497060008,out,bank_transfer
677,7,8,2025-07-16 22:59:22.105263,1248.357252079915,out,bank_transfer
678,7,22,2025-07-19 12:22:44.210526,715.9065867750613,out,bank_transfer
679,7,8,2025-07-22 01:46:06.315789,1045.5393052683717,in,card
680,7,8,2025-07-24 15:09:28.421052,1307.1206911595236,in,bank_transfer
681,7,11,2025-07-27 04:32:50.526315,1040.7213075811885,out,bank_transfer
682,7,18,2025-07-29 17:56:12.631578,1546.5730989943127,out,card
683,7,29,2025-08-01 07:19:34.736842,1359.2901178706509,in,bank_transfer
684,7,22,2025-08-03 20:42:56.842105,1459.4293595333793,out,bank_transfer
685,7,18,2025-08-06 10:06:18.947368,1852.5470960720825,out,bank_transfer
686,7,40,2025-08-08 23:29:41.052631,1049.4424143395404,out,card
687,7,18,2025-08-11 12:53:03.157894,1311.5718247619973,out,bank_transfer
688,7,30,2025-08-14 02:16:25.263157,1705.552531038948,in,card
689,7,30,2025-08-16 15:39:47.368421,2357.6702725756754,out,bank_transfer
690,7,8,2025-08-19 05:03:09.473684,1348.955988577662,in,bank_transfer
691,7,29,2025-08-21 18:26:31.578947,1319.888192360452,out,bank_transfer
692,7,11,2025-08-24 07:49:53.684210,2340.513861954005,in,bank_transfer
693,7,22,2025-08-26 21:13:15.789473,2145.147562539976,out,bank_transfer
694,7,8,2025-08-29 10:36:37.894736,545.5915639075056,out,card
695,7,29,2025-09-01 00:00:00.000000,740.5458065281563,in,bank_transfer
696,7,7,2025-08-18 12:00:00.000000,9011.086367930735,out,bank_transfer
697,7,20,2025-08-15 22:00:00.000000,14237.410370923133,out,bank_transfer
698,7,32,2025-08-17 18:00:00.000000,8409.376106024056,out,bank_transfer
699,7,3,2025-08-31 10:00:00.000000,8546.783679838796,out,bank_transfer
700,8,39,2025-01-01 00:00:00.000000,1920.6671155776799,in,card
701,8,24,2025-01-04 15:02:41.194029,1540.1463527212954,in,bank_transfer
702,8,20,2025-01-08 06:05:22.388059,4372.752978097618,out,bank_transfer
703,8,9,2025-01-11 21:08:03.582089,2750.5557315976703,out,bank_transfer
704,8,21,2025-01-15 12:10:44.776119,3213.7453209171053,in,bank_transfer
705,8,24,2025-01-19 03:13:25.970149,5213.414092858167,in,bank_transfer
706,8,32,2025-01-22 18:16:07.164179,2767.8202888629567,in,bank_transfer
707,8,20,2025-01-26 09:18:48.358208,1795.2667244549784,in,card
708,8,9,2025-01-30 00:21:29.552238,2425.0218486390118,in,bank_transfer
709,8,21,2025-02-02 15:24:10.746268,4081.8000671662644,in,bank_transfer
710,8,35,2025-02-06 06:26:51.940298,1677.5922930163063,out,card
711,8,9,2025-02-09 21:29:33.134328,3502.406430576322,out,card
712,8,20,2025-02-13 12:32:14.328358,851.3897965203824,out,bank_transfer
713,8,21,2025-02-17 03:34:55.522388,2153.117788053217,out,bank_transfer
714,8,20,2025-02-20 18:37:36.716417,3924.247343625664,in,card
715,8,20,2025-02-24 09:40:17.910447,1903.7611953436337,in,bank_transfer
716,8,9,2025-02-28 00:42:59.104477,2934.4305674232746,out,card
717,8,35,2025-03-03 15:45:40.298507,4572.252718958479,in,bank_transfer
718,8,35,2025-03-07 06:48:21.492537,6426.457179904376,out,bank_transfer
719,8,9,2025-03-10 21:51:02.686567,5903.466460454545,in,bank_transfer
720,8,24,2025-03-14 12:53:43.880597,2247.3404101193237,out,bank_transfer
721,8,24,2025-03-18 03:56:25.074626,1926.3042041960637,in,bank_transfer
722,8,32,2025-03-21 18:59:06.268656,1598.0218419836933,in,card
723,8,20,2025-03-25 10:01:47.462686,1742.3917918524626,out,card
724,8,9,2025-03-29 01:04:28.656716,2830.681830848218,in,bank_transfer
725,8,9,2025-04-01 16:07:09.850746,4115.36339786422,out,bank_transfer
726,8,21,2025-04-05 07:09:51.044776,2461.222638315658,in,card
727,8,39,2025-04-08 22:12:32.238805,4542.0746204620655,in,bank_transfer
728,8,21,2025-04-12 13:15:13.432835,5355.413203073665,in,bank_transfer
729,8,24,2025-04-16 04:17:54.626865,2129.3731230911953,out,bank_transfer
730,8,12,2025-04-19 19:20:35.820895,2049.7934499740013,in,bank_transfer
731,8,20,2025-04-23 10:23:17.014925,5360.142029515818,out,bank_transfer
732,8,20,2025-04-27 01:25:58.208955,1746.6708516897932,in,bank_transfer
733,8,9,2025-04-30 16:28:39.402985,3145.577544187422,out,card
734,8,39,2025-05-04 07:31:20.597014,3390.9030266424847,out,bank_transfer
735,8,35,2025-05-07 22:34:01.791044,4441.836267675371,in,bank_transfer
736,8,9,2025-05-11 13:36:42.985074,2664.7635056544736,in,bank_transfer
737,8,20,2025-05-15 04:39:24.179104,1346.8037601364,out,bank_transfer
738,8,32,2025-05-18 19:42:05.373134,3733.8128390029183,out,bank_transfer
739,8,24,2025-05-22 10:44:46.567164,1718.2495408494487,in,bank_transfer
740,8,39,2025-05-26 01:47:27.761194,1600.0430601573773,in,bank_transfer
741,8,35,2025-05-29 16:50:08.955223,1456.0673086816919,out,bank_transfer
742,8,12,2025-06-02 07:52:50.149253,1538.017505630779,out,bank_transfer
743,8,9,2025-06-05 22:55:31.343283,2965.6523979043295,in,bank_transfer
744,8,12,2025-06-09 13:58:12.537313,3125.2878237722016,out,bank_transfer
745,8,39,2025-06-13 05:00:53.731343,2160.948875566005,out,bank_transfer
746,8,32,2025-06-16 20:03:34.925373,1721.5931881013296,out,bank_transfer
747,8,21,2025-06-20 11:06:16.119402,1099.0363651739674,out,bank_transfer
748,8,12,2025-06-24 02:08:57.313432,2402.066964793764,out,card
749,8,39,2025-06-27 17:11:38.507462,2613.1279051422616,out,bank_transfer
750,8,20,2025-07-01 08:14:19.701492,1953.7695135441572,out,bank_transfer
751,8,35,2025-07-04 23:17:00.895522,1844.6801394515232,out,bank_transfer
752,8,20,2025-07-08 14:19:42.089552,2649.541920324882,out,bank_transfer
753,8,20,2025-07-12 05:22:23.283582,3185.9401470680973,in,bank_transfer
754,8,12,2025-07-15 20:25:04.477611,3711.39459976464,out,bank_transfer
755,8,35,2025-07-19 11:27:45.671641,2277.42169385924,in,bank_transfer
756,8,20,2025-07-23 02:30:26.865671,1727.0685243606433,in,bank_transfer
757,8,21,2025-07-26 17:33:08.059701,3573.4167837904424,in,bank_transfer
758,8,12,2025-07-30 08:35:49.253731,2526.42676126655,in,bank_transfer
759,8,9,2025-08-02 23:38:30.447761,3050.3068893600525,out,bank_transfer
760,8,39,2025-08-06 14:41:11.641791,2740.069727451112,out,bank_transfer
761,8,35,2025-08-10 05:43:52.835820,1778.3398369251745,out,bank_transfer
762,8,21,2025-08-13 20:46:34.029850,1157.7109440384875,in,bank_transfer
763,8,12,2025-08-17 11:49:15.223880,4129.642192337783,in,bank_transfer
764,8,32,2025-08-21 02:51:56.417910,1654.8537808828007,out,bank_transfer
765,8,20,2025-08-24 17:54:37.611940,2570.382518301593,in,bank_transfer
766,8,20,2025-08-28 08:57:18.805970,3109.7840004097316,in,bank_transfer
767,8,20,2025-09-01 00:00:00.000000,2472.068443522622,in,bank_transfer
768,8,37,2025-08-16 23:00:00.000000,28326.871925814543,out,bank_transfer
769,8,29,2025-08-18 18:00:00.000000,27113.023767562296,out,bank_transfer
770,8,2,2025-08-27 07:00:00.000000,14766.415449483333,out,bank_transfer
771,9,3,2025-01-01 00:00:00.000000,399.1978125585686,in,bank_transfer
772,9,19,2025-01-03 04:04:17.142857,236.11837206059664,out,bank_transfer
773,9,29,2025-01-05 08:08:34.285714,621.803951289947,in,bank_transfer
774,9,33,2025-01-07 12:12:51.428571,1162.9972509433478,out,bank_transfer
775,9,29,2025-01-09 16:17:08.571428,791.0530646327384,out,bank_transfer
776,9,39,2025-01-11 20:21:25.714285,877.3298062737655,out,bank_transfer
777,9,14,2025-01-14 00:25:42.857142,878.8365936086528,out,bank_transfer
778,9,3,2025-01-16 04:30:00.000000,494.8614781817164,out,bank_transfer
779,9,33,2025-01-18 08:34:17.142857,498.7487534918476,in,card
780,9,4,2025-01-20 12:38:34.285714,674.8908561270218,in,bank_transfer
781,9,27,2025-01-22 16:42:51.428571,975.5870684718126,out,bank_transfer
782,9,27,2025-01-24 20:47:08.571428,322.8600616307365,out,bank_transfer
783,9,29,2025-01-27 00:51:25.714285,423.48835478507544,in,bank_transfer
784,9,39,2025-01-29 04:55:42.857142,551.9288229761381,out,bank_transfer
785,9,19,2025-01-31 09:00:00.000000,586.9718032091782,out,bank_transfer
786,9,33,2025-02-02 13:04:17.142857,795.4842969163213,out,bank_transfer
787,9,4,2025-02-04 17:08:34.285714,706.1592308356741,out,card
788,9,19,2025-02-06 21:12:51.428571,593.1590942240845,in,bank_transfer
789,9,29,2025-02-09 01:17:08.571428,1479.0699006684467,in,bank_transfer
790,9,27,2025-02-11 05:21:25.714285,738.4520325800604,in,card
791,9,29,2025-02-13 09:25:42.857142,802.1544272002058,out,bank_transfer
792,9,14,2025-02-15 13:30:00.000000,967.0832638740603,out,bank_transfer
793,9,4,2025-02-17 17:34:17.142857,546.7448809589122,out,bank_transfer
794,9,39,2025-02-19 21:38:34.285714,1516.8942456141049,in,bank_transfer
795,9,3,2025-02-22 01:42:51.428571,1184.893479059645,out,bank_transfer
796,9,19,2025-02-24 05:47:08.571428,775.3693085328812,out,bank_transfer
797,9,27,2025-02-26 09:51:25.714285,716.6303089652945,in,bank_transfer
798,9,4,2025-02-28 13:55:42.857142,1193.6651502782245,out,bank_transfer
799,9,29,2025-03-02 18:00:00.000000,705.8565354553974,in,bank_transfer
800,9,3,2025-03-04 22:04:17.142857,867.0004396379808,out,bank_transfer
801,9,27,2025-03-07 02:08:34.285714,696.0270999630694,in,bank_transfer
802,9,33,2025-03-09 06:12:51.428571,924.3940198614266,out,bank_transfer
803,9,29,2025-03-11 10:17:08.571428,1417.9789367417752,out,bank_transfer
804,9,29,2025-03-13 14:21:25.714285,1124.8890854218525,in,bank_transfer
805,9,19,2025-03-15 18:25:42.857142,437.0024832382648,out,bank_transfer
806,9,3,2025-03-17 22:30:00.000000,921.637168489471,in,bank_transfer
807,9,29,2025-03-20 02:34:17.142857,649.9215063876075,out,card
808,9,29,2025-03-22 06:38:34.285714,451.8746059515151,out,bank_transfer
809,9,14,2025-03-24 10:42:51.428571,1115.0765604492058,out,bank_transfer
810,9,33,2025-03-26 14:47:08.571428,1421.3442252060124,in,bank_transfer
811,9,4,2025-03-28 18:51:25.714285,892.1895064701132,in,bank_transfer
812,9,3,2025-03-30 22:55:42.857142,635.2278434706899,in,bank_transfer
813,9,39,2025-04-02 03:00:00.000000,341.53598952026084,in,bank_transfer
814,9,3,2025-04-04 07:04:17.142857,1242.047398726903,in,bank_transfer
815,9,4,2025-04-06 11:08:34.285714,707.3331938867752,out,bank_transfer
816,9,19,2025-04-08 15:12:51.428571,722.1026021652599,out,bank_transfer
817,9,19,2025-04-10 19:17:08.571428,1072.5726669940693,out,card
818,9,19,2025-04-12 23:21:25.714285,487.22718438956804,in,bank_transfer
819,9,3,2025-04-15 03:25:42.857142,704.5489247255636,in,bank_transfer
820,9,39,2025-04-17 07:30:00.000000,575.9767139662378,in,bank_transfer
821,9,39,2025-04-19 11:34:17.142857,701.2955061432805,in,card
822,9,3,2025-04-21 15:38:34.285714,512.1095690137065,in,bank_transfer
823,9,33,2025-04-23 19:42:51.428571,229.1553613401101,in,bank_transfer
824,9,3,2025-04-25 23:47:08.571428,630.9752715064678,out,bank_transfer
825,9,33,2025-04-28 03:51:25.714285,1247.1943983460508,in,bank_transfer
826,9,4,2025-04-30 07:55:42.857142,830.8666266788448,in,bank_transfer
827,9,27,2025-05-02 12:00:00.000000,461.94712097044555,out,bank_transfer
828,9,4,2025-05-04 16:04:17.142857,363.74896471948114,out,bank_transfer
829,9,3,2025-05-06 20:08:34.285714,502.1490915774602,out,bank_transfer
830,9,3,2025-05-09 00:12:51.428571,934.9508599686651,out,card
831,9,33,2025-05-11 04:17:08.571428,490.93350330866105,out,bank_transfer
832,9,19,2025-05-13 08:21:25.714285,542.5180735228216,in,bank_transfer
833,9,14,2025-05-15 12:25:42.857142,1084.1638675069742,in,bank_transfer
834,9,3,2025-05-17 16:30:00.000000,903.2980030480873,in,bank_transfer
835,9,14,2025-05-19 20:34:17.142857,454.17384192562145,in,card
836,9,14,2025-05-22 00:38:34.285714,1048.037420477447,in,card
837,9,39,2025-05-24 04:42:51.428571,1047.7256466844713,in,bank_transfer
838,9,39,2025-05-26 08:47:08.571428,1523.9235573002406,out,bank_transfer
839,9,4,2025-05-28 12:51:25.714285,396.69963048090585,out,bank_transfer
840,9,27,2025-05-30 16:55:42.857142,345.56870545597775,out,bank_transfer
841,9,29,2025-06-01 21:00:00.000000,789.3941162712974,in,bank_transfer
842,9,4,2025-06-04 01:04:17.142857,869.0263445328497,in,bank_transfer
843,9,14,2025-06-06 05:08:34.285714,500.83111214921513,in,bank_transfer
844,9,27,2025-06-08 09:12:51.428571,559.1386304672521,out,bank_transfer
845,9,4,2025-06-10 13:17:08.571428,1050.850305729019,in,bank_transfer
846,9,29,2025-06-12 17:21:25.714285,878.0342682559426,out,bank_transfer
847,9,3,2025-06-14 21:25:42.857142,983.8213187710556,out,bank_transfer
848,9,29,2025-06-17 01:30:00.000000,1495.050192079817,out,bank_transfer
849,9,39,2025-06-19 05:34:17.142857,481.6121871456748,out,bank_transfer
850,9,14,2025-06-21 09:38:34.285714,992.4667937128053,in,bank_transfer
851,9,4,2025-06-23 13:42:51.428571,821.1418770037831,out,bank_transfer
852,9,29,2025-06-25 17:47:08.571428,493.75831604191313,out,bank_transfer
853,9,27,2025-06-27 21:51:25.714285,1001.1805138889374,in,bank_transfer
854,9,29,2025-06-30 01:55:42.857142,721.6842290217768,out,bank_transfer
855,9,4,2025-07-02 06:00:00.000000,477.6386706873964,out,bank_transfer
856,9,33,2025-07-04 10:04:17.142857,1574.6103595728819,out,bank_transfer
857,9,39,2025-07-06 14:08:34.285714,789.2472830310151,in,bank_transfer
858,9,14,2025-07-08 18:12:51.428571,1066.7391063902016,out,bank_transfer
859,9,27,2025-07-10 22:17:08.571428,376.062664910392,out,bank_transfer
860,9,27,2025-07-13 02:21:25.714285,1119.5553841153385,out,bank_transfer
861,9,27,2025-07-15 06:25:42.857142,803.3528659921636,in,card
862,9,29,2025-07-17 10:30:00.000000,348.6382718985485,out,bank_transfer
863,9,33,2025-07-19 14:34:17.142857,849.1564382656412,in,bank_transfer
864,9,33,2025-07-21 18:38:34.285714,777.7703206889548,out,bank_transfer
865,9,3,2025-07-23 22:42:51.428571,1178.3722819691895,in,bank_transfer
866,9,3,2025-07-26 02:47:08.571428,1302.094834056153,out,bank_transfer
867,9,19,2025-07-28 06:51:25.714285,956.5778963678271,out,bank_transfer
868,9,4,2025-07-30 10:55:42.857142,1593.4909740885025,in,bank_transfer
869,9,39,2025-08-01 15:00:00.000000,804.1403865398287,in,bank_transfer
870,9,27,2025-08-03 19:04:17.142857,949.363072877997,out,bank_transfer
871,9,33,2025-08-05 23:08:34.285714,508.1038494945823,out,bank_transfer
872,9,19,2025-08-08 03:12:51.428571,1260.6372366740334,out,card
873,9,29,2025-08-10 07:17:08.571428,756.7512804969379,in,bank_transfer
874,9,29,2025-08-12 11:21:25.714285,914.9035075605927,in,bank_transfer
875,9,29,2025-08-14 15:25:42.857142,392.52420577042886,out,bank_transfer
876,9,4,2025-08-16 19:30:00.000000,1337.5079550078956,out,bank_transfer
877,9,14,2025-08-18 23:34:17.142857,1292.8547452181535,out,card
878,9,3,2025-08-21 03:38:34.285714,270.98732062846386,in,bank_transfer
879,9,29,2025-08-23 07:42:51.428571,452.3186167904402,out,bank_transfer
880,9,3,2025-08-25 11:47:08.571428,476.78732781590367,out,bank_transfer
881,9,33,2025-08-27 15:51:25.714285,839.3406520401055,in,bank_transfer
882,9,4,2025-08-29 19:55:42.857142,503.7223706620695,out,bank_transfer
883,9,3,2025-09-01 00:00:00.000000,906.8689701543522,in,bank_transfer
884,9,13,2025-08-26 05:00:00.000000,7773.8469317336785,out,bank_transfer
885,9,28,2025-08-22 09:00:00.000000,7112.386082984665,out,bank_transfer
886,9,22,2025-08-18 21:00:00.000000,5392.362495580152,out,bank_transfer
